ID,Description,BgRatio,pvalue,p.adjust,qvalue,geneID,Count,Regulation,Cell_Population,Treatment
GO:0035455,response to interferon-alpha,31/28943,0.001071071,0.008499464,NA,Ifitm1,1,UPREGULATED,CD8_EM,37
GO:0046597,negative regulation of viral entry into host cell,31/28943,0.001071071,0.008499464,NA,Ifitm1,1,UPREGULATED,CD8_EM,37
GO:1903901,negative regulation of viral life cycle,34/28943,0.001174723,0.008499464,NA,Ifitm1,1,UPREGULATED,CD8_EM,37
GO:0046596,regulation of viral entry into host cell,52/28943,0.001796635,0.008499464,NA,Ifitm1,1,UPREGULATED,CD8_EM,37
GO:0060337,type I interferon signaling pathway,56/28943,0.001934837,0.008499464,NA,Ifitm1,1,UPREGULATED,CD8_EM,37
GO:0071357,cellular response to type I interferon,56/28943,0.001934837,0.008499464,NA,Ifitm1,1,UPREGULATED,CD8_EM,37
GO:0052372,modulation by symbiont of entry into host,57/28943,0.001969388,0.008499464,NA,Ifitm1,1,UPREGULATED,CD8_EM,37
GO:0045071,negative regulation of viral genome replication,58/28943,0.002003939,0.008499464,NA,Ifitm1,1,UPREGULATED,CD8_EM,37
GO:0034340,response to type I interferon,62/28943,0.002142141,0.008499464,NA,Ifitm1,1,UPREGULATED,CD8_EM,37
GO:0035456,response to interferon-beta,65/28943,0.002245793,0.008499464,NA,Ifitm1,1,UPREGULATED,CD8_EM,37
GO:0043903,regulation of biological process involved in symbiotic interaction,67/28943,0.002314895,0.008499464,NA,Ifitm1,1,UPREGULATED,CD8_EM,37
GO:0001756,somitogenesis,77/28943,0.002660401,0.008499464,NA,Ifitm1,1,UPREGULATED,CD8_EM,37
GO:0045669,positive regulation of osteoblast differentiation,79/28943,0.002729503,0.008499464,NA,Ifitm1,1,UPREGULATED,CD8_EM,37
GO:0045069,regulation of viral genome replication,95/28943,0.003282314,0.008499464,NA,Ifitm1,1,UPREGULATED,CD8_EM,37
GO:0061053,somite development,96/28943,0.003316864,0.008499464,NA,Ifitm1,1,UPREGULATED,CD8_EM,37
GO:0048525,negative regulation of viral process,101/28943,0.003489618,0.008499464,NA,Ifitm1,1,UPREGULATED,CD8_EM,37
GO:0046718,viral entry into host cell,104/28943,0.00359327,0.008499464,NA,Ifitm1,1,UPREGULATED,CD8_EM,37
GO:0044409,entry into host,108/28943,0.003731472,0.008499464,NA,Ifitm1,1,UPREGULATED,CD8_EM,37
GO:0035282,segmentation,118/28943,0.004076979,0.008769289,NA,Ifitm1,1,UPREGULATED,CD8_EM,37
GO:0044000,movement in host,127/28943,0.004387935,0.008769289,NA,Ifitm1,1,UPREGULATED,CD8_EM,37
GO:0019079,viral genome replication,130/28943,0.004491587,0.008769289,NA,Ifitm1,1,UPREGULATED,CD8_EM,37
GO:0034341,response to interferon-gamma,139/28943,0.004802543,0.008950194,NA,Ifitm1,1,UPREGULATED,CD8_EM,37
GO:1903900,regulation of viral life cycle,151/28943,0.005217151,0.009236085,NA,Ifitm1,1,UPREGULATED,CD8_EM,37
GO:0045667,regulation of osteoblast differentiation,161/28943,0.005562658,0.009236085,NA,Ifitm1,1,UPREGULATED,CD8_EM,37
GO:0051701,biological process involved in interaction with host,163/28943,0.005631759,0.009236085,NA,Ifitm1,1,UPREGULATED,CD8_EM,37
GO:0050792,regulation of viral process,175/28943,0.006046367,0.009534656,NA,Ifitm1,1,UPREGULATED,CD8_EM,37
GO:0001649,osteoblast differentiation,225/28943,0.0077739,0.011804812,NA,Ifitm1,1,UPREGULATED,CD8_EM,37
GO:0009952,anterior/posterior pattern specification,236/28943,0.008153958,0.011939724,NA,Ifitm1,1,UPREGULATED,CD8_EM,37
GO:0019058,viral life cycle,261/28943,0.009017724,0.012749197,NA,Ifitm1,1,UPREGULATED,CD8_EM,37
GO:0044403,biological process involved in symbiotic interaction,272/28943,0.009397782,0.012837733,NA,Ifitm1,1,UPREGULATED,CD8_EM,37
GO:0051607,defense response to virus,289/28943,0.009985143,0.012837733,NA,Ifitm1,1,UPREGULATED,CD8_EM,37
GO:0140546,defense response to symbiont,290/28943,0.010019694,0.012837733,NA,Ifitm1,1,UPREGULATED,CD8_EM,37
GO:0030336,negative regulation of cell migration,312/28943,0.010779809,0.013393096,NA,Ifitm1,1,UPREGULATED,CD8_EM,37
GO:2000146,negative regulation of cell motility,325/28943,0.011228967,0.013540813,NA,Ifitm1,1,UPREGULATED,CD8_EM,37
GO:0009615,response to virus,347/28943,0.011989082,0.013782915,NA,Ifitm1,1,UPREGULATED,CD8_EM,37
GO:0016032,viral process,355/28943,0.012265487,0.013782915,NA,Ifitm1,1,UPREGULATED,CD8_EM,37
GO:0040013,negative regulation of locomotion,360/28943,0.012438241,0.013782915,NA,Ifitm1,1,UPREGULATED,CD8_EM,37
GO:0003002,regionalization,389/28943,0.01344021,0.014501279,NA,Ifitm1,1,UPREGULATED,CD8_EM,37
GO:0019221,cytokine-mediated signaling pathway,421/28943,0.014545831,0.015086549,NA,Ifitm1,1,UPREGULATED,CD8_EM,37
GO:0001503,ossification,426/28943,0.014718585,0.015086549,NA,Ifitm1,1,UPREGULATED,CD8_EM,37
GO:0007389,pattern specification process,493/28943,0.01703348,0.01703348,NA,Ifitm1,1,UPREGULATED,CD8_EM,37
GO:0006418,tRNA aminoacylation for protein translation,40/28943,0.002762191,0.007089134,NA,Lars2,1,DOWNREGULATED,CD8_EM,37
GO:0043039,tRNA aminoacylation,43/28943,0.002969202,0.007089134,NA,Lars2,1,DOWNREGULATED,CD8_EM,37
GO:0043038,amino acid activation,44/28943,0.0030382,0.007089134,NA,Lars2,1,DOWNREGULATED,CD8_EM,37
GO:0032543,mitochondrial translation,131/28943,0.009031945,0.013825371,NA,Lars2,1,DOWNREGULATED,CD8_EM,37
GO:0140053,mitochondrial gene expression,164/28943,0.011300707,0.013825371,NA,Lars2,1,DOWNREGULATED,CD8_EM,37
GO:0006399,tRNA metabolic process,172/28943,0.011850318,0.013825371,NA,Lars2,1,DOWNREGULATED,CD8_EM,37
GO:0006520,cellular amino acid metabolic process,260/28943,0.017885958,0.017885958,NA,Lars2,1,DOWNREGULATED,CD8_EM,37
GO:0030217,T cell differentiation,326/28943,7.28E-06,0.003328574,0.001280368,Foxp1/Themis/Bcl11b/Ikzf1,4,UPREGULATED,CD8_Naive,37
GO:0030098,lymphocyte differentiation,471/28943,3.09E-05,0.003530626,0.001358089,Foxp1/Themis/Bcl11b/Ikzf1,4,UPREGULATED,CD8_Naive,37
GO:0002181,cytoplasmic translation,146/28943,2.68E-05,0.003530626,0.001358089,Rpl12/Rpl13a/Rpl23a,3,UPREGULATED,CD8_Naive,37
GO:0050851,antigen receptor-mediated signaling pathway,307/28943,0.000242183,0.012908389,0.004965337,Foxp1/Skap1/Themis,3,UPREGULATED,CD8_Naive,37
GO:0002429,immune response-activating cell surface receptor signaling pathway,349/28943,0.000352734,0.012908389,0.004965337,Foxp1/Skap1/Themis,3,UPREGULATED,CD8_Naive,37
GO:0002757,immune response-activating signal transduction,350/28943,0.0003557,0.012908389,0.004965337,Foxp1/Skap1/Themis,3,UPREGULATED,CD8_Naive,37
GO:0002768,immune response-regulating cell surface receptor signaling pathway,360/28943,0.000386255,0.012908389,0.004965337,Foxp1/Skap1/Themis,3,UPREGULATED,CD8_Naive,37
GO:0048638,regulation of developmental growth,402/28943,0.000533028,0.012908389,0.004965337,Foxp1/Ikzf1/Fgf13,3,UPREGULATED,CD8_Naive,37
GO:0030900,forebrain development,407/28943,0.000552569,0.012908389,0.004965337,Bcl11b/Ikzf1/Fgf13,3,UPREGULATED,CD8_Naive,37
GO:0043254,regulation of protein-containing complex assembly,425/28943,0.00062672,0.013638621,0.005246228,Skap1/Rpl13a/Ikzf1,3,UPREGULATED,CD8_Naive,37
GO:0002253,activation of immune response,448/28943,0.000730393,0.015172263,0.005836158,Foxp1/Skap1/Themis,3,UPREGULATED,CD8_Naive,37
GO:0007409,axonogenesis,493/28943,0.000963709,0.018350633,0.007058749,Foxp1/Bcl11b/Fgf13,3,UPREGULATED,CD8_Naive,37
GO:0033151,V(D)J recombination,20/28943,2.98E-05,0.003530626,0.001358089,Foxp1/Bcl11b,2,UPREGULATED,CD8_Naive,37
GO:0043368,positive T cell selection,41/28943,0.00012806,0.011704694,0.004502324,Themis/Bcl11b,2,UPREGULATED,CD8_Naive,37
GO:0048538,thymus development,57/28943,0.000248332,0.012908389,0.004965337,Bcl11b/Ikzf1,2,UPREGULATED,CD8_Naive,37
GO:0045058,T cell selection,58/28943,0.000257142,0.012908389,0.004965337,Themis/Bcl11b,2,UPREGULATED,CD8_Naive,37
GO:0070229,negative regulation of lymphocyte apoptotic process,58/28943,0.000257142,0.012908389,0.004965337,Foxp1/Bcl11b,2,UPREGULATED,CD8_Naive,37
GO:0098900,regulation of action potential,68/28943,0.000353552,0.012908389,0.004965337,Foxp1/Fgf13,2,UPREGULATED,CD8_Naive,37
GO:0002562,somatic diversification of immune receptors via germline recombination within a single locus,78/28943,0.000465001,0.012908389,0.004965337,Foxp1/Bcl11b,2,UPREGULATED,CD8_Naive,37
GO:0016444,somatic cell DNA recombination,78/28943,0.000465001,0.012908389,0.004965337,Foxp1/Bcl11b,2,UPREGULATED,CD8_Naive,37
GO:2000107,negative regulation of leukocyte apoptotic process,80/28943,0.000489087,0.012908389,0.004965337,Foxp1/Bcl11b,2,UPREGULATED,CD8_Naive,37
GO:0070228,regulation of lymphocyte apoptotic process,85/28943,0.000551908,0.012908389,0.004965337,Foxp1/Bcl11b,2,UPREGULATED,CD8_Naive,37
GO:0002200,somatic diversification of immune receptors,86/28943,0.000564919,0.012908389,0.004965337,Foxp1/Bcl11b,2,UPREGULATED,CD8_Naive,37
GO:0070227,lymphocyte apoptotic process,109/28943,0.000904937,0.017980697,0.006916449,Foxp1/Bcl11b,2,UPREGULATED,CD8_Naive,37
GO:2000106,regulation of leukocyte apoptotic process,119/28943,0.001076953,0.019686698,0.007572679,Foxp1/Bcl11b,2,UPREGULATED,CD8_Naive,37
GO:0048640,negative regulation of developmental growth,126/28943,0.001206002,0.021197811,0.008153943,Foxp1/Fgf13,2,UPREGULATED,CD8_Naive,37
GO:0046632,alpha-beta T cell differentiation,129/28943,0.001263477,0.021385513,0.008226145,Foxp1/Bcl11b,2,UPREGULATED,CD8_Naive,37
GO:0050852,T cell receptor signaling pathway,137/28943,0.001423072,0.023226572,0.008934326,Skap1/Themis,2,UPREGULATED,CD8_Naive,37
GO:0002761,regulation of myeloid leukocyte differentiation,143/28943,0.001548787,0.024406752,0.009388294,Foxp1/Ikzf1,2,UPREGULATED,CD8_Naive,37
GO:0001508,action potential,148/28943,0.001657473,0.024434358,0.009398912,Foxp1/Fgf13,2,UPREGULATED,CD8_Naive,37
GO:0071887,leukocyte apoptotic process,148/28943,0.001657473,0.024434358,0.009398912,Foxp1/Bcl11b,2,UPREGULATED,CD8_Naive,37
GO:0022618,ribonucleoprotein complex assembly,172/28943,0.002228393,0.031824243,0.012241503,Rpl13a/Rpl23a,2,UPREGULATED,CD8_Naive,37
GO:0030183,B cell differentiation,175/28943,0.002305444,0.031926908,0.012280994,Foxp1/Ikzf1,2,UPREGULATED,CD8_Naive,37
GO:0071826,ribonucleoprotein complex subunit organization,180/28943,0.002436648,0.03275142,0.012598151,Rpl13a/Rpl23a,2,UPREGULATED,CD8_Naive,37
GO:0046631,alpha-beta T cell activation,191/28943,0.002737501,0.035617047,0.013700442,Foxp1/Bcl11b,2,UPREGULATED,CD8_Naive,37
GO:0030308,negative regulation of cell growth,200/28943,0.00299606,0.035617047,0.013700442,Foxp1/Fgf13,2,UPREGULATED,CD8_Naive,37
GO:0031334,positive regulation of protein-containing complex assembly,203/28943,0.003084714,0.035617047,0.013700442,Skap1/Ikzf1,2,UPREGULATED,CD8_Naive,37
GO:0045637,regulation of myeloid cell differentiation,226/28943,0.003805037,0.035617047,0.013700442,Foxp1/Ikzf1,2,UPREGULATED,CD8_Naive,37
GO:0030324,lung development,236/28943,0.004140454,0.035617047,0.013700442,Foxp1/Rpl13a,2,UPREGULATED,CD8_Naive,37
GO:0030323,respiratory tube development,239/28943,0.004243684,0.035617047,0.013700442,Foxp1/Rpl13a,2,UPREGULATED,CD8_Naive,37
GO:0002573,myeloid leukocyte differentiation,246/28943,0.004489206,0.035617047,0.013700442,Foxp1/Ikzf1,2,UPREGULATED,CD8_Naive,37
GO:0090257,regulation of muscle system process,258/28943,0.004925174,0.035617047,0.013700442,Foxp1/Fgf13,2,UPREGULATED,CD8_Naive,37
GO:0007411,axon guidance,259/28943,0.004962359,0.035617047,0.013700442,Foxp1/Bcl11b,2,UPREGULATED,CD8_Naive,37
GO:0097485,neuron projection guidance,260/28943,0.004999676,0.035617047,0.013700442,Foxp1/Bcl11b,2,UPREGULATED,CD8_Naive,37
GO:0045926,negative regulation of growth,261/28943,0.005037124,0.035617047,0.013700442,Foxp1/Fgf13,2,UPREGULATED,CD8_Naive,37
GO:0060541,respiratory system development,267/28943,0.005264558,0.035617047,0.013700442,Foxp1/Rpl13a,2,UPREGULATED,CD8_Naive,37
GO:0021537,telencephalon development,268/28943,0.005302921,0.035617047,0.013700442,Bcl11b/Fgf13,2,UPREGULATED,CD8_Naive,37
GO:0048588,developmental cell growth,273/28943,0.005496684,0.035885497,0.013803704,Foxp1/Fgf13,2,UPREGULATED,CD8_Naive,37
GO:0045165,cell fate commitment,298/28943,0.006513929,0.038229913,0.014705506,Bcl11b/Fgf13,2,UPREGULATED,CD8_Naive,37
GO:0072659,protein localization to plasma membrane,308/28943,0.006943204,0.038229913,0.014705506,Skap1/Fgf13,2,UPREGULATED,CD8_Naive,37
GO:0006310,DNA recombination,323/28943,0.007610795,0.039425836,0.01516553,Foxp1/Bcl11b,2,UPREGULATED,CD8_Naive,37
GO:1902105,regulation of leukocyte differentiation,349/28943,0.008834418,0.041107644,0.015812453,Foxp1/Ikzf1,2,UPREGULATED,CD8_Naive,37
GO:0043010,camera-type eye development,376/28943,0.010192821,0.042866814,0.016489135,Bcl11b/Ikzf1,2,UPREGULATED,CD8_Naive,37
GO:1990778,protein localization to cell periphery,377/28943,0.010244825,0.042866814,0.016489135,Skap1/Fgf13,2,UPREGULATED,CD8_Naive,37
GO:0032496,response to lipopolysaccharide,386/28943,0.010718256,0.043389668,0.016690256,Foxp1/Rpl13a,2,UPREGULATED,CD8_Naive,37
GO:0002237,response to molecule of bacterial origin,407/28943,0.011860374,0.044800435,0.017232921,Foxp1/Rpl13a,2,UPREGULATED,CD8_Naive,37
GO:0022613,ribonucleoprotein complex biogenesis,418/28943,0.012479332,0.045316132,0.017431289,Rpl13a/Rpl23a,2,UPREGULATED,CD8_Naive,37
GO:0001654,eye development,424/28943,0.012822887,0.045316132,0.017431289,Bcl11b/Ikzf1,2,UPREGULATED,CD8_Naive,37
GO:0150063,visual system development,427/28943,0.01299623,0.045316132,0.017431289,Bcl11b/Ikzf1,2,UPREGULATED,CD8_Naive,37
GO:0048880,sensory system development,431/28943,0.01322897,0.045316132,0.017431289,Bcl11b/Ikzf1,2,UPREGULATED,CD8_Naive,37
GO:0003012,muscle system process,432/28943,0.013287444,0.045316132,0.017431289,Foxp1/Fgf13,2,UPREGULATED,CD8_Naive,37
GO:1903706,regulation of hemopoiesis,435/28943,0.013463554,0.045564003,0.017526635,Foxp1/Ikzf1,2,UPREGULATED,CD8_Naive,37
GO:0042113,B cell activation,440/28943,0.013759367,0.045564003,0.017526635,Foxp1/Ikzf1,2,UPREGULATED,CD8_Naive,37
GO:0050678,regulation of epithelial cell proliferation,442/28943,0.013878494,0.045564003,0.017526635,Foxp1/Bcl11b,2,UPREGULATED,CD8_Naive,37
GO:0030099,myeloid cell differentiation,445/28943,0.01405804,0.045564003,0.017526635,Foxp1/Ikzf1,2,UPREGULATED,CD8_Naive,37
GO:0001558,regulation of cell growth,459/28943,0.014909447,0.046351139,0.017829414,Foxp1/Fgf13,2,UPREGULATED,CD8_Naive,37
GO:0042391,regulation of membrane potential,469/28943,0.015531137,0.046729845,0.017975087,Foxp1/Fgf13,2,UPREGULATED,CD8_Naive,37
GO:0048732,gland development,483/28943,0.016420277,0.04791789,0.01843208,Bcl11b/Ikzf1,2,UPREGULATED,CD8_Naive,37
GO:0033152,immunoglobulin V(D)J recombination,10/28943,0.004138996,0.035617047,0.013700442,Foxp1,1,UPREGULATED,CD8_Naive,37
GO:0048671,negative regulation of collateral sprouting,10/28943,0.004138996,0.035617047,0.013700442,Fgf13,1,UPREGULATED,CD8_Naive,37
GO:0071362,cellular response to ether,10/28943,0.004138996,0.035617047,0.013700442,Foxp1,1,UPREGULATED,CD8_Naive,37
GO:1902884,positive regulation of response to oxidative stress,10/28943,0.004138996,0.035617047,0.013700442,Foxp1,1,UPREGULATED,CD8_Naive,37
GO:1905150,regulation of voltage-gated sodium channel activity,10/28943,0.004138996,0.035617047,0.013700442,Fgf13,1,UPREGULATED,CD8_Naive,37
GO:0030223,neutrophil differentiation,11/28943,0.00455203,0.035617047,0.013700442,Ikzf1,1,UPREGULATED,CD8_Naive,37
GO:0031077,post-embryonic camera-type eye development,11/28943,0.00455203,0.035617047,0.013700442,Bcl11b,1,UPREGULATED,CD8_Naive,37
GO:0035701,hematopoietic stem cell migration,11/28943,0.00455203,0.035617047,0.013700442,Bcl11b,1,UPREGULATED,CD8_Naive,37
GO:0042117,monocyte activation,11/28943,0.00455203,0.035617047,0.013700442,Foxp1,1,UPREGULATED,CD8_Naive,37
GO:0042118,endothelial cell activation,11/28943,0.00455203,0.035617047,0.013700442,Foxp1,1,UPREGULATED,CD8_Naive,37
GO:0045898,regulation of RNA polymerase II transcription preinitiation complex assembly,11/28943,0.00455203,0.035617047,0.013700442,Ikzf1,1,UPREGULATED,CD8_Naive,37
GO:0033632,regulation of cell-cell adhesion mediated by integrin,12/28943,0.004964908,0.035617047,0.013700442,Skap1,1,UPREGULATED,CD8_Naive,37
GO:0060433,bronchus development,12/28943,0.004964908,0.035617047,0.013700442,Foxp1,1,UPREGULATED,CD8_Naive,37
GO:0070244,negative regulation of thymocyte apoptotic process,12/28943,0.004964908,0.035617047,0.013700442,Bcl11b,1,UPREGULATED,CD8_Naive,37
GO:1905962,glutamatergic neuron differentiation,12/28943,0.004964908,0.035617047,0.013700442,Ikzf1,1,UPREGULATED,CD8_Naive,37
GO:0001731,formation of translation preinitiation complex,13/28943,0.005377629,0.035617047,0.013700442,Rpl13a,1,UPREGULATED,CD8_Naive,37
GO:0002329,pre-B cell differentiation,13/28943,0.005377629,0.035617047,0.013700442,Foxp1,1,UPREGULATED,CD8_Naive,37
GO:0030854,positive regulation of granulocyte differentiation,13/28943,0.005377629,0.035617047,0.013700442,Ikzf1,1,UPREGULATED,CD8_Naive,37
GO:0033625,positive regulation of integrin activation,13/28943,0.005377629,0.035617047,0.013700442,Skap1,1,UPREGULATED,CD8_Naive,37
GO:0045472,response to ether,13/28943,0.005377629,0.035617047,0.013700442,Foxp1,1,UPREGULATED,CD8_Naive,37
GO:0048537,mucosa-associated lymphoid tissue development,13/28943,0.005377629,0.035617047,0.013700442,Ikzf1,1,UPREGULATED,CD8_Naive,37
GO:0048541,Peyer's patch development,13/28943,0.005377629,0.035617047,0.013700442,Ikzf1,1,UPREGULATED,CD8_Naive,37
GO:0034116,positive regulation of heterotypic cell-cell adhesion,14/28943,0.005790192,0.03624819,0.013943217,Skap1,1,UPREGULATED,CD8_Naive,37
GO:0061052,negative regulation of cell growth involved in cardiac muscle cell development,14/28943,0.005790192,0.03624819,0.013943217,Foxp1,1,UPREGULATED,CD8_Naive,37
GO:0061140,lung secretory cell differentiation,14/28943,0.005790192,0.03624819,0.013943217,Foxp1,1,UPREGULATED,CD8_Naive,37
GO:0043383,negative T cell selection,15/28943,0.006202599,0.037794504,0.014538022,Themis,1,UPREGULATED,CD8_Naive,37
GO:0048755,branching morphogenesis of a nerve,15/28943,0.006202599,0.037794504,0.014538022,Fgf13,1,UPREGULATED,CD8_Naive,37
GO:0045947,negative regulation of translational initiation,16/28943,0.006614849,0.038229913,0.014705506,Rpl13a,1,UPREGULATED,CD8_Naive,37
GO:0055057,neuroblast division,16/28943,0.006614849,0.038229913,0.014705506,Fgf13,1,UPREGULATED,CD8_Naive,37
GO:0003334,keratinocyte development,17/28943,0.007026942,0.038229913,0.014705506,Bcl11b,1,UPREGULATED,CD8_Naive,37
GO:0035881,amacrine cell differentiation,17/28943,0.007026942,0.038229913,0.014705506,Ikzf1,1,UPREGULATED,CD8_Naive,37
GO:0045655,regulation of monocyte differentiation,17/28943,0.007026942,0.038229913,0.014705506,Foxp1,1,UPREGULATED,CD8_Naive,37
GO:0060766,negative regulation of androgen receptor signaling pathway,17/28943,0.007026942,0.038229913,0.014705506,Foxp1,1,UPREGULATED,CD8_Naive,37
GO:1904862,inhibitory synapse assembly,17/28943,0.007026942,0.038229913,0.014705506,Fgf13,1,UPREGULATED,CD8_Naive,37
GO:0033631,cell-cell adhesion mediated by integrin,18/28943,0.007438879,0.039075491,0.015030766,Skap1,1,UPREGULATED,CD8_Naive,37
GO:0036035,osteoclast development,18/28943,0.007438879,0.039075491,0.015030766,Foxp1,1,UPREGULATED,CD8_Naive,37
GO:0050855,regulation of B cell receptor signaling pathway,18/28943,0.007438879,0.039075491,0.015030766,Foxp1,1,UPREGULATED,CD8_Naive,37
GO:0021756,striatum development,19/28943,0.007850659,0.039425836,0.01516553,Bcl11b,1,UPREGULATED,CD8_Naive,37
GO:0033623,regulation of integrin activation,19/28943,0.007850659,0.039425836,0.01516553,Skap1,1,UPREGULATED,CD8_Naive,37
GO:0070243,regulation of thymocyte apoptotic process,19/28943,0.007850659,0.039425836,0.01516553,Bcl11b,1,UPREGULATED,CD8_Naive,37
GO:0003159,morphogenesis of an endothelium,20/28943,0.008262282,0.040600677,0.015617443,Foxp1,1,UPREGULATED,CD8_Naive,37
GO:0061154,endothelial tube morphogenesis,20/28943,0.008262282,0.040600677,0.015617443,Foxp1,1,UPREGULATED,CD8_Naive,37
GO:0048569,post-embryonic animal organ development,21/28943,0.008673749,0.041107644,0.015812453,Bcl11b,1,UPREGULATED,CD8_Naive,37
GO:1903209,positive regulation of oxidative stress-induced cell death,21/28943,0.008673749,0.041107644,0.015812453,Foxp1,1,UPREGULATED,CD8_Naive,37
GO:0002327,immature B cell differentiation,22/28943,0.009085059,0.041107644,0.015812453,Foxp1,1,UPREGULATED,CD8_Naive,37
GO:0008356,asymmetric cell division,22/28943,0.009085059,0.041107644,0.015812453,Fgf13,1,UPREGULATED,CD8_Naive,37
GO:0030852,regulation of granulocyte differentiation,22/28943,0.009085059,0.041107644,0.015812453,Ikzf1,1,UPREGULATED,CD8_Naive,37
GO:0071625,vocalization behavior,22/28943,0.009085059,0.041107644,0.015812453,Foxp1,1,UPREGULATED,CD8_Naive,37
GO:1900424,regulation of defense response to bacterium,22/28943,0.009085059,0.041107644,0.015812453,Foxp1,1,UPREGULATED,CD8_Naive,37
GO:0033630,positive regulation of cell adhesion mediated by integrin,23/28943,0.009496213,0.041728551,0.016051291,Skap1,1,UPREGULATED,CD8_Naive,37
GO:0048670,regulation of collateral sprouting,23/28943,0.009496213,0.041728551,0.016051291,Fgf13,1,UPREGULATED,CD8_Naive,37
GO:0071398,cellular response to fatty acid,23/28943,0.009496213,0.041728551,0.016051291,Foxp1,1,UPREGULATED,CD8_Naive,37
GO:0000027,ribosomal large subunit assembly,25/28943,0.010318052,0.042866814,0.016489135,Rpl23a,1,UPREGULATED,CD8_Naive,37
GO:0021544,subpallium development,25/28943,0.010318052,0.042866814,0.016489135,Bcl11b,1,UPREGULATED,CD8_Naive,37
GO:0034114,regulation of heterotypic cell-cell adhesion,25/28943,0.010318052,0.042866814,0.016489135,Skap1,1,UPREGULATED,CD8_Naive,37
GO:0070242,thymocyte apoptotic process,25/28943,0.010318052,0.042866814,0.016489135,Bcl11b,1,UPREGULATED,CD8_Naive,37
GO:0050857,positive regulation of antigen receptor-mediated signaling pathway,26/28943,0.010728736,0.043389668,0.016690256,Foxp1,1,UPREGULATED,CD8_Naive,37
GO:0060765,regulation of androgen receptor signaling pathway,26/28943,0.010728736,0.043389668,0.016690256,Foxp1,1,UPREGULATED,CD8_Naive,37
GO:0072567,chemokine (C-X-C motif) ligand 2 production,27/28943,0.011139265,0.043884863,0.016880737,Foxp1,1,UPREGULATED,CD8_Naive,37
GO:0098901,regulation of cardiac muscle cell action potential,27/28943,0.011139265,0.043884863,0.016880737,Fgf13,1,UPREGULATED,CD8_Naive,37
GO:2000341,regulation of chemokine (C-X-C motif) ligand 2 production,27/28943,0.011139265,0.043884863,0.016880737,Foxp1,1,UPREGULATED,CD8_Naive,37
GO:0002903,negative regulation of B cell apoptotic process,28/28943,0.011549637,0.044730375,0.017205972,Foxp1,1,UPREGULATED,CD8_Naive,37
GO:0033622,integrin activation,28/28943,0.011549637,0.044730375,0.017205972,Skap1,1,UPREGULATED,CD8_Naive,37
GO:0002183,cytoplasmic translational initiation,29/28943,0.011959854,0.044800435,0.017232921,Rpl13a,1,UPREGULATED,CD8_Naive,37
GO:0048745,smooth muscle tissue development,29/28943,0.011959854,0.044800435,0.017232921,Foxp1,1,UPREGULATED,CD8_Naive,37
GO:2000765,regulation of cytoplasmic translation,29/28943,0.011959854,0.044800435,0.017232921,Rpl13a,1,UPREGULATED,CD8_Naive,37
GO:0048668,collateral sprouting,30/28943,0.012369914,0.045316132,0.017431289,Fgf13,1,UPREGULATED,CD8_Naive,37
GO:0048535,lymph node development,31/28943,0.012779818,0.045316132,0.017431289,Ikzf1,1,UPREGULATED,CD8_Naive,37
GO:0070233,negative regulation of T cell apoptotic process,31/28943,0.012779818,0.045316132,0.017431289,Bcl11b,1,UPREGULATED,CD8_Naive,37
GO:0030224,monocyte differentiation,32/28943,0.013189566,0.045316132,0.017431289,Foxp1,1,UPREGULATED,CD8_Naive,37
GO:0055022,negative regulation of cardiac muscle tissue growth,32/28943,0.013189566,0.045316132,0.017431289,Foxp1,1,UPREGULATED,CD8_Naive,37
GO:0061050,regulation of cell growth involved in cardiac muscle cell development,32/28943,0.013189566,0.045316132,0.017431289,Foxp1,1,UPREGULATED,CD8_Naive,37
GO:0061117,negative regulation of heart growth,32/28943,0.013189566,0.045316132,0.017431289,Foxp1,1,UPREGULATED,CD8_Naive,37
GO:0002053,positive regulation of mesenchymal cell proliferation,34/28943,0.014008595,0.045564003,0.017526635,Foxp1,1,UPREGULATED,CD8_Naive,37
GO:0010614,negative regulation of cardiac muscle hypertrophy,34/28943,0.014008595,0.045564003,0.017526635,Foxp1,1,UPREGULATED,CD8_Naive,37
GO:1903205,regulation of hydrogen peroxide-induced cell death,34/28943,0.014008595,0.045564003,0.017526635,Foxp1,1,UPREGULATED,CD8_Naive,37
GO:0001779,natural killer cell differentiation,36/28943,0.014827001,0.046351139,0.017829414,Ikzf1,1,UPREGULATED,CD8_Naive,37
GO:0002902,regulation of B cell apoptotic process,36/28943,0.014827001,0.046351139,0.017829414,Foxp1,1,UPREGULATED,CD8_Naive,37
GO:0007026,negative regulation of microtubule depolymerization,36/28943,0.014827001,0.046351139,0.017829414,Fgf13,1,UPREGULATED,CD8_Naive,37
GO:0008045,motor neuron axon guidance,36/28943,0.014827001,0.046351139,0.017829414,Foxp1,1,UPREGULATED,CD8_Naive,37
GO:0014741,negative regulation of muscle hypertrophy,36/28943,0.014827001,0.046351139,0.017829414,Foxp1,1,UPREGULATED,CD8_Naive,37
GO:0070542,response to fatty acid,37/28943,0.01523597,0.046729845,0.017975087,Foxp1,1,UPREGULATED,CD8_Naive,37
GO:0036474,cell death in response to hydrogen peroxide,38/28943,0.015644784,0.046729845,0.017975087,Foxp1,1,UPREGULATED,CD8_Naive,37
GO:0060479,lung cell differentiation,38/28943,0.015644784,0.046729845,0.017975087,Foxp1,1,UPREGULATED,CD8_Naive,37
GO:0060487,lung epithelial cell differentiation,38/28943,0.015644784,0.046729845,0.017975087,Foxp1,1,UPREGULATED,CD8_Naive,37
GO:0086004,regulation of cardiac muscle cell contraction,38/28943,0.015644784,0.046729845,0.017975087,Fgf13,1,UPREGULATED,CD8_Naive,37
GO:0031114,regulation of microtubule depolymerization,39/28943,0.016053442,0.047639111,0.018324845,Fgf13,1,UPREGULATED,CD8_Naive,37
GO:0030521,androgen receptor signaling pathway,40/28943,0.016461945,0.04791789,0.01843208,Foxp1,1,UPREGULATED,CD8_Naive,37
GO:0033144,negative regulation of intracellular steroid hormone receptor signaling pathway,40/28943,0.016461945,0.04791789,0.01843208,Foxp1,1,UPREGULATED,CD8_Naive,37
GO:0051154,negative regulation of striated muscle cell differentiation,41/28943,0.016870292,0.048488826,0.018651696,Foxp1,1,UPREGULATED,CD8_Naive,37
GO:1901031,regulation of response to reactive oxygen species,41/28943,0.016870292,0.048488826,0.018651696,Foxp1,1,UPREGULATED,CD8_Naive,37
GO:0010464,regulation of mesenchymal cell proliferation,42/28943,0.017278484,0.049045136,0.018865686,Foxp1,1,UPREGULATED,CD8_Naive,37
GO:0040018,positive regulation of multicellular organism growth,42/28943,0.017278484,0.049045136,0.018865686,Ikzf1,1,UPREGULATED,CD8_Naive,37
GO:0098751,bone cell development,43/28943,0.01768652,0.049893454,0.019192,Foxp1,1,UPREGULATED,CD8_Naive,37
GO:0019221,cytokine-mediated signaling pathway,421/28943,0.000627146,0.022293314,NA,Il18r1/Ccl1,2,UPREGULATED,CD8_Exhausted_2,37
GO:0071351,cellular response to interleukin-18,10/28943,0.001036198,0.022293314,NA,Il18r1,1,UPREGULATED,CD8_Exhausted_2,37
GO:0035744,T-helper 1 cell cytokine production,11/28943,0.001139778,0.022293314,NA,Il18r1,1,UPREGULATED,CD8_Exhausted_2,37
GO:0070673,response to interleukin-18,13/28943,0.001346917,0.022293314,NA,Il18r1,1,UPREGULATED,CD8_Exhausted_2,37
GO:0002827,positive regulation of T-helper 1 type immune response,19/28943,0.001968164,0.022293314,NA,Il18r1,1,UPREGULATED,CD8_Exhausted_2,37
GO:0048245,eosinophil chemotaxis,19/28943,0.001968164,0.022293314,NA,Ccl1,1,UPREGULATED,CD8_Exhausted_2,37
GO:0090026,positive regulation of monocyte chemotaxis,22/28943,0.00227869,0.022293314,NA,Ccl1,1,UPREGULATED,CD8_Exhausted_2,37
GO:0097398,cellular response to interleukin-17,22/28943,0.00227869,0.022293314,NA,Ccl1,1,UPREGULATED,CD8_Exhausted_2,37
GO:0072677,eosinophil migration,23/28943,0.002382184,0.022293314,NA,Ccl1,1,UPREGULATED,CD8_Exhausted_2,37
GO:0099170,postsynaptic modulation of chemical synaptic transmission,23/28943,0.002382184,0.022293314,NA,Nrgn,1,UPREGULATED,CD8_Exhausted_2,37
GO:0045063,T-helper 1 cell differentiation,25/28943,0.002589152,0.022293314,NA,Il18r1,1,UPREGULATED,CD8_Exhausted_2,37
GO:0097396,response to interleukin-17,25/28943,0.002589152,0.022293314,NA,Ccl1,1,UPREGULATED,CD8_Exhausted_2,37
GO:0002726,positive regulation of T cell cytokine production,26/28943,0.002692625,0.022293314,NA,Il18r1,1,UPREGULATED,CD8_Exhausted_2,37
GO:0035743,CD4-positive| alpha-beta T cell cytokine production,26/28943,0.002692625,0.022293314,NA,Il18r1,1,UPREGULATED,CD8_Exhausted_2,37
GO:0032740,positive regulation of interleukin-17 production,28/28943,0.002899549,0.022293314,NA,Ccl1,1,UPREGULATED,CD8_Exhausted_2,37
GO:0090025,regulation of monocyte chemotaxis,30/28943,0.003106445,0.022293314,NA,Ccl1,1,UPREGULATED,CD8_Exhausted_2,37
GO:1900273,positive regulation of long-term synaptic potentiation,30/28943,0.003106445,0.022293314,NA,Nrgn,1,UPREGULATED,CD8_Exhausted_2,37
GO:0002825,regulation of T-helper 1 type immune response,32/28943,0.003313313,0.022456897,NA,Il18r1,1,UPREGULATED,CD8_Exhausted_2,37
GO:0002724,regulation of T cell cytokine production,37/28943,0.003830356,0.024594916,NA,Il18r1,1,UPREGULATED,CD8_Exhausted_2,37
GO:0032660,regulation of interleukin-17 production,45/28943,0.004657253,0.025578615,NA,Ccl1,1,UPREGULATED,CD8_Exhausted_2,37
GO:0120163,negative regulation of cold-induced thermogenesis,47/28943,0.004863905,0.025578615,NA,Il18r1,1,UPREGULATED,CD8_Exhausted_2,37
GO:0002369,T cell cytokine production,48/28943,0.004967221,0.025578615,NA,Il18r1,1,UPREGULATED,CD8_Exhausted_2,37
GO:0032620,interleukin-17 production,48/28943,0.004967221,0.025578615,NA,Ccl1,1,UPREGULATED,CD8_Exhausted_2,37
GO:0042088,T-helper 1 type immune response,50/28943,0.005173831,0.025578615,NA,Il18r1,1,UPREGULATED,CD8_Exhausted_2,37
GO:0048247,lymphocyte chemotaxis,54/28943,0.005586965,0.025578615,NA,Ccl1,1,UPREGULATED,CD8_Exhausted_2,37
GO:1900271,regulation of long-term synaptic potentiation,56/28943,0.005793489,0.025578615,NA,Nrgn,1,UPREGULATED,CD8_Exhausted_2,37
GO:0002548,monocyte chemotaxis,60/28943,0.006206451,0.025578615,NA,Ccl1,1,UPREGULATED,CD8_Exhausted_2,37
GO:0070098,chemokine-mediated signaling pathway,63/28943,0.006516097,0.025578615,NA,Ccl1,1,UPREGULATED,CD8_Exhausted_2,37
GO:0042093,T-helper cell differentiation,69/28943,0.007135198,0.025578615,NA,Il18r1,1,UPREGULATED,CD8_Exhausted_2,37
GO:1901224,positive regulation of NIK/NF-kappaB signaling,69/28943,0.007135198,0.025578615,NA,Il18r1,1,UPREGULATED,CD8_Exhausted_2,37
GO:0002294,CD4-positive| alpha-beta T cell differentiation involved in immune response,70/28943,0.007238356,0.025578615,NA,Il18r1,1,UPREGULATED,CD8_Exhausted_2,37
GO:0071677,positive regulation of mononuclear cell migration,70/28943,0.007238356,0.025578615,NA,Ccl1,1,UPREGULATED,CD8_Exhausted_2,37
GO:0002293,alpha-beta T cell differentiation involved in immune response,71/28943,0.007341507,0.025578615,NA,Il18r1,1,UPREGULATED,CD8_Exhausted_2,37
GO:0002287,alpha-beta T cell activation involved in immune response,72/28943,0.007444651,0.025578615,NA,Il18r1,1,UPREGULATED,CD8_Exhausted_2,37
GO:1990868,response to chemokine,73/28943,0.007547788,0.025578615,NA,Ccl1,1,UPREGULATED,CD8_Exhausted_2,37
GO:1990869,cellular response to chemokine,73/28943,0.007547788,0.025578615,NA,Ccl1,1,UPREGULATED,CD8_Exhausted_2,37
GO:0002292,T cell differentiation involved in immune response,78/28943,0.008063366,0.026218634,NA,Il18r1,1,UPREGULATED,CD8_Exhausted_2,37
GO:0071347,cellular response to interleukin-1,79/28943,0.00816646,0.026218634,NA,Ccl1,1,UPREGULATED,CD8_Exhausted_2,37
GO:0002711,positive regulation of T cell mediated immunity,82/28943,0.008475699,0.026446976,NA,Il18r1,1,UPREGULATED,CD8_Exhausted_2,37
GO:0002720,positive regulation of cytokine production involved in immune response,85/28943,0.008784874,0.026446976,NA,Il18r1,1,UPREGULATED,CD8_Exhausted_2,37
GO:0032729,positive regulation of interferon-gamma production,86/28943,0.008887918,0.026446976,NA,Il18r1,1,UPREGULATED,CD8_Exhausted_2,37
GO:0043367,CD4-positive| alpha-beta T cell differentiation,93/28943,0.009609026,0.026598895,NA,Il18r1,1,UPREGULATED,CD8_Exhausted_2,37
GO:0031640,killing of cells of other organism,94/28943,0.009712013,0.026598895,NA,Ccl1,1,UPREGULATED,CD8_Exhausted_2,37
GO:0070555,response to interleukin-1,96/28943,0.009917966,0.026598895,NA,Ccl1,1,UPREGULATED,CD8_Exhausted_2,37
GO:1901222,regulation of NIK/NF-kappaB signaling,98/28943,0.01012389,0.026598895,NA,Il18r1,1,UPREGULATED,CD8_Exhausted_2,37
GO:0002690,positive regulation of leukocyte chemotaxis,99/28943,0.010226841,0.026598895,NA,Ccl1,1,UPREGULATED,CD8_Exhausted_2,37
GO:0030593,neutrophil chemotaxis,103/28943,0.010638574,0.026598895,NA,Ccl1,1,UPREGULATED,CD8_Exhausted_2,37
GO:0072676,lymphocyte migration,109/28943,0.011255961,0.026598895,NA,Ccl1,1,UPREGULATED,CD8_Exhausted_2,37
GO:0002709,regulation of T cell mediated immunity,111/28943,0.011461699,0.026598895,NA,Il18r1,1,UPREGULATED,CD8_Exhausted_2,37
GO:0071346,cellular response to interferon-gamma,112/28943,0.011564557,0.026598895,NA,Ccl1,1,UPREGULATED,CD8_Exhausted_2,37
GO:0030101,natural killer cell activation,115/28943,0.01187309,0.026598895,NA,Il18r1,1,UPREGULATED,CD8_Exhausted_2,37
GO:0038061,NIK/NF-kappaB signaling,118/28943,0.012181558,0.026598895,NA,Il18r1,1,UPREGULATED,CD8_Exhausted_2,37
GO:0071675,regulation of mononuclear cell migration,120/28943,0.012387168,0.026598895,NA,Ccl1,1,UPREGULATED,CD8_Exhausted_2,37
GO:0002286,T cell activation involved in immune response,124/28943,0.012798302,0.026598895,NA,Il18r1,1,UPREGULATED,CD8_Exhausted_2,37
GO:0032649,regulation of interferon-gamma production,125/28943,0.012901068,0.026598895,NA,Il18r1,1,UPREGULATED,CD8_Exhausted_2,37
GO:0035710,CD4-positive| alpha-beta T cell activation,125/28943,0.012901068,0.026598895,NA,Il18r1,1,UPREGULATED,CD8_Exhausted_2,37
GO:0002688,regulation of leukocyte chemotaxis,126/28943,0.013003827,0.026598895,NA,Ccl1,1,UPREGULATED,CD8_Exhausted_2,37
GO:0002718,regulation of cytokine production involved in immune response,126/28943,0.013003827,0.026598895,NA,Il18r1,1,UPREGULATED,CD8_Exhausted_2,37
GO:0046632,alpha-beta T cell differentiation,129/28943,0.01331206,0.026598895,NA,Il18r1,1,UPREGULATED,CD8_Exhausted_2,37
GO:0071621,granulocyte chemotaxis,129/28943,0.01331206,0.026598895,NA,Ccl1,1,UPREGULATED,CD8_Exhausted_2,37
GO:1990266,neutrophil migration,133/28943,0.013722937,0.026598895,NA,Ccl1,1,UPREGULATED,CD8_Exhausted_2,37
GO:0032609,interferon-gamma production,138/28943,0.014236373,0.026598895,NA,Il18r1,1,UPREGULATED,CD8_Exhausted_2,37
GO:0034341,response to interferon-gamma,139/28943,0.014339039,0.026598895,NA,Ccl1,1,UPREGULATED,CD8_Exhausted_2,37
GO:0061844,antimicrobial humoral immune response mediated by antimicrobial peptide,139/28943,0.014339039,0.026598895,NA,Ccl1,1,UPREGULATED,CD8_Exhausted_2,37
GO:0002702,positive regulation of production of molecular mediator of immune response,142/28943,0.014646994,0.026598895,NA,Il18r1,1,UPREGULATED,CD8_Exhausted_2,37
GO:0120161,regulation of cold-induced thermogenesis,147/28943,0.01516011,0.026598895,NA,Il18r1,1,UPREGULATED,CD8_Exhausted_2,37
GO:0002367,cytokine production involved in immune response,148/28943,0.015262712,0.026598895,NA,Il18r1,1,UPREGULATED,CD8_Exhausted_2,37
GO:0002456,T cell mediated immunity,148/28943,0.015262712,0.026598895,NA,Il18r1,1,UPREGULATED,CD8_Exhausted_2,37
GO:0050729,positive regulation of inflammatory response,148/28943,0.015262712,0.026598895,NA,Ccl1,1,UPREGULATED,CD8_Exhausted_2,37
GO:0106106,cold-induced thermogenesis,149/28943,0.015365306,0.026598895,NA,Il18r1,1,UPREGULATED,CD8_Exhausted_2,37
GO:0050921,positive regulation of chemotaxis,151/28943,0.015570474,0.026598895,NA,Ccl1,1,UPREGULATED,CD8_Exhausted_2,37
GO:0002824,positive regulation of adaptive immune response based on somatic recombination of immune receptors built from immunoglobulin superfamily domains,154/28943,0.015878172,0.026598895,NA,Il18r1,1,UPREGULATED,CD8_Exhausted_2,37
GO:0051092,positive regulation of NF-kappaB transcription factor activity,155/28943,0.015980724,0.026598895,NA,Il18r1,1,UPREGULATED,CD8_Exhausted_2,37
GO:0002687,positive regulation of leukocyte migration,160/28943,0.016493377,0.026598895,NA,Ccl1,1,UPREGULATED,CD8_Exhausted_2,37
GO:0002708,positive regulation of lymphocyte mediated immunity,160/28943,0.016493377,0.026598895,NA,Il18r1,1,UPREGULATED,CD8_Exhausted_2,37
GO:0002821,positive regulation of adaptive immune response,161/28943,0.016595886,0.026598895,NA,Il18r1,1,UPREGULATED,CD8_Exhausted_2,37
GO:0097530,granulocyte migration,163/28943,0.016800883,0.026598895,NA,Ccl1,1,UPREGULATED,CD8_Exhausted_2,37
GO:1990845,adaptive thermogenesis,165/28943,0.017005851,0.026598895,NA,Il18r1,1,UPREGULATED,CD8_Exhausted_2,37
GO:0019730,antimicrobial humoral response,177/28943,0.018235063,0.028160477,NA,Ccl1,1,UPREGULATED,CD8_Exhausted_2,37
GO:0071356,cellular response to tumor necrosis factor,183/28943,0.018849285,0.028348587,NA,Ccl1,1,UPREGULATED,CD8_Exhausted_2,37
GO:0071674,mononuclear cell migration,184/28943,0.01895163,0.028348587,NA,Ccl1,1,UPREGULATED,CD8_Exhausted_2,37
GO:0002705,positive regulation of leukocyte mediated immunity,185/28943,0.019053968,0.028348587,NA,Il18r1,1,UPREGULATED,CD8_Exhausted_2,37
GO:0001659,temperature homeostasis,189/28943,0.01946325,0.028565208,NA,Il18r1,1,UPREGULATED,CD8_Exhausted_2,37
GO:0046631,alpha-beta T cell activation,191/28943,0.019667848,0.028565208,NA,Il18r1,1,UPREGULATED,CD8_Exhausted_2,37
GO:0034612,response to tumor necrosis factor,202/28943,0.020792629,0.029843539,NA,Ccl1,1,UPREGULATED,CD8_Exhausted_2,37
GO:0002700,regulation of production of molecular mediator of immune response,207/28943,0.021303609,0.030221399,NA,Il18r1,1,UPREGULATED,CD8_Exhausted_2,37
GO:0002285,lymphocyte activation involved in immune response,222/28943,0.022835481,0.031226585,NA,Il18r1,1,UPREGULATED,CD8_Exhausted_2,37
GO:0002822,regulation of adaptive immune response based on somatic recombination of immune receptors built from immunoglobulin superfamily domains,223/28943,0.022937549,0.031226585,NA,Il18r1,1,UPREGULATED,CD8_Exhausted_2,37
GO:0070374,positive regulation of ERK1 and ERK2 cascade,227/28943,0.02334575,0.031226585,NA,Ccl1,1,UPREGULATED,CD8_Exhausted_2,37
GO:0030595,leukocyte chemotaxis,228/28943,0.023447782,0.031226585,NA,Ccl1,1,UPREGULATED,CD8_Exhausted_2,37
GO:0002706,regulation of lymphocyte mediated immunity,231/28943,0.023753837,0.031226585,NA,Il18r1,1,UPREGULATED,CD8_Exhausted_2,37
GO:0050920,regulation of chemotaxis,231/28943,0.023753837,0.031226585,NA,Ccl1,1,UPREGULATED,CD8_Exhausted_2,37
GO:0002685,regulation of leukocyte migration,234/28943,0.024059828,0.031226585,NA,Ccl1,1,UPREGULATED,CD8_Exhausted_2,37
GO:0007204,positive regulation of cytosolic calcium ion concentration,234/28943,0.024059828,0.031226585,NA,Ccl1,1,UPREGULATED,CD8_Exhausted_2,37
GO:0002819,regulation of adaptive immune response,239/28943,0.02456967,0.031552629,NA,Il18r1,1,UPREGULATED,CD8_Exhausted_2,37
GO:0097529,myeloid leukocyte migration,243/28943,0.024977416,0.031742133,NA,Ccl1,1,UPREGULATED,CD8_Exhausted_2,37
GO:0060291,long-term synaptic potentiation,254/28943,0.026098131,0.032824454,NA,Nrgn,1,UPREGULATED,CD8_Exhausted_2,37
GO:0043547,positive regulation of GTPase activity,261/28943,0.026810867,0.033376793,NA,Ccl1,1,UPREGULATED,CD8_Exhausted_2,37
GO:0051091,positive regulation of DNA-binding transcription factor activity,271/28943,0.027828457,0.034198905,NA,Il18r1,1,UPREGULATED,CD8_Exhausted_2,37
GO:0001906,cell killing,273/28943,0.028031889,0.034198905,NA,Ccl1,1,UPREGULATED,CD8_Exhausted_2,37
GO:0002703,regulation of leukocyte mediated immunity,303/28943,0.031079977,0.037416869,NA,Il18r1,1,UPREGULATED,CD8_Exhausted_2,37
GO:0031349,positive regulation of defense response,305/28943,0.031282956,0.037416869,NA,Ccl1,1,UPREGULATED,CD8_Exhausted_2,37
GO:0060326,cell chemotaxis,314/28943,0.03219601,0.03813508,NA,Ccl1,1,UPREGULATED,CD8_Exhausted_2,37
GO:0002699,positive regulation of immune effector process,320/28943,0.032804395,0.038327585,NA,Il18r1,1,UPREGULATED,CD8_Exhausted_2,37
GO:0030217,T cell differentiation,326/28943,0.033412524,0.038327585,NA,Il18r1,1,UPREGULATED,CD8_Exhausted_2,37
GO:0070372,regulation of ERK1 and ERK2 cascade,326/28943,0.033412524,0.038327585,NA,Ccl1,1,UPREGULATED,CD8_Exhausted_2,37
GO:0002366,leukocyte activation involved in immune response,328/28943,0.033615177,0.038327585,NA,Il18r1,1,UPREGULATED,CD8_Exhausted_2,37
GO:0002263,cell activation involved in immune response,332/28943,0.034020398,0.038417956,NA,Il18r1,1,UPREGULATED,CD8_Exhausted_2,37
GO:0050806,positive regulation of synaptic transmission,335/28943,0.034324239,0.038417956,NA,Nrgn,1,UPREGULATED,CD8_Exhausted_2,37
GO:0070371,ERK1 and ERK2 cascade,350/28943,0.035842491,0.039505635,NA,Ccl1,1,UPREGULATED,CD8_Exhausted_2,37
GO:0043087,regulation of GTPase activity,351/28943,0.035943651,0.039505635,NA,Ccl1,1,UPREGULATED,CD8_Exhausted_2,37
GO:0050727,regulation of inflammatory response,367/28943,0.037561252,0.040914935,NA,Ccl1,1,UPREGULATED,CD8_Exhausted_2,37
GO:0048167,regulation of synaptic plasticity,378/28943,0.038672302,0.041752396,NA,Nrgn,1,UPREGULATED,CD8_Exhausted_2,37
GO:0050900,leukocyte migration,385/28943,0.039378888,0.042142319,NA,Ccl1,1,UPREGULATED,CD8_Exhausted_2,37
GO:0002440,production of molecular mediator of immune response,422/28943,0.043107951,0.045655223,NA,Il18r1,1,UPREGULATED,CD8_Exhausted_2,37
GO:0006959,humoral immune response,425/28943,0.043409884,0.045655223,NA,Ccl1,1,UPREGULATED,CD8_Exhausted_2,37
GO:0051090,regulation of DNA-binding transcription factor activity,436/28943,0.044516427,0.046418839,NA,Il18r1,1,UPREGULATED,CD8_Exhausted_2,37
GO:0032103,positive regulation of response to external stimulus,459/28943,0.046827351,0.048414719,NA,Ccl1,1,UPREGULATED,CD8_Exhausted_2,37
GO:0002697,regulation of immune effector process,464/28943,0.047329232,0.048522406,NA,Il18r1,1,UPREGULATED,CD8_Exhausted_2,37
GO:0030098,lymphocyte differentiation,471/28943,0.048031569,0.048832096,NA,Il18r1,1,UPREGULATED,CD8_Exhausted_2,37
GO:0002449,lymphocyte mediated immunity,483/28943,0.049234773,0.049535416,NA,Il18r1,1,UPREGULATED,CD8_Exhausted_2,37
GO:0002460,adaptive immune response based on somatic recombination of immune receptors built from immunoglobulin superfamily domains,486/28943,0.049535416,0.049535416,NA,Il18r1,1,UPREGULATED,CD8_Exhausted_2,37
GO:0000086,G2/M transition of mitotic cell cycle,139/28943,0.000629145,0.040401782,0.0138269,Nabp1/Abcb1b,2,DOWNREGULATED,CD8_Exhausted_2,37
GO:0044839,cell cycle G2/M phase transition,154/28943,0.000771201,0.040401782,0.0138269,Nabp1/Abcb1b,2,DOWNREGULATED,CD8_Exhausted_2,37
GO:0042886,amide transport,353/28943,0.003956415,0.040401782,0.0138269,Dgat1/Abcb1b,2,DOWNREGULATED,CD8_Exhausted_2,37
GO:0006869,lipid transport,419/28943,0.005525863,0.040401782,0.0138269,Dgat1/Abcb1b,2,DOWNREGULATED,CD8_Exhausted_2,37
GO:0044772,mitotic cell cycle phase transition,451/28943,0.006374865,0.040401782,0.0138269,Nabp1/Abcb1b,2,DOWNREGULATED,CD8_Exhausted_2,37
GO:0010876,lipid localization,470/28943,0.0069057,0.040401782,0.0138269,Dgat1/Abcb1b,2,DOWNREGULATED,CD8_Exhausted_2,37
GO:1902224,ketone body metabolic process,10/28943,0.002761047,0.040401782,0.0138269,Dgat1,1,DOWNREGULATED,CD8_Exhausted_2,37
GO:0035336,long-chain fatty-acyl-CoA metabolic process,11/28943,0.003036784,0.040401782,0.0138269,Dgat1,1,DOWNREGULATED,CD8_Exhausted_2,37
GO:0046618,xenobiotic export,11/28943,0.003036784,0.040401782,0.0138269,Abcb1b,1,DOWNREGULATED,CD8_Exhausted_2,37
GO:0060856,establishment of blood-brain barrier,12/28943,0.003312455,0.040401782,0.0138269,Abcb1b,1,DOWNREGULATED,CD8_Exhausted_2,37
GO:2001225,regulation of chloride transport,12/28943,0.003312455,0.040401782,0.0138269,Abcb1b,1,DOWNREGULATED,CD8_Exhausted_2,37
GO:0046462,monoacylglycerol metabolic process,13/28943,0.003588059,0.040401782,0.0138269,Dgat1,1,DOWNREGULATED,CD8_Exhausted_2,37
GO:1904729,regulation of intestinal lipid absorption,13/28943,0.003588059,0.040401782,0.0138269,Dgat1,1,DOWNREGULATED,CD8_Exhausted_2,37
GO:2000489,regulation of hepatic stellate cell activation,13/28943,0.003588059,0.040401782,0.0138269,Dgat1,1,DOWNREGULATED,CD8_Exhausted_2,37
GO:0010359,regulation of anion channel activity,14/28943,0.003863596,0.040401782,0.0138269,Abcb1b,1,DOWNREGULATED,CD8_Exhausted_2,37
GO:0060263,regulation of respiratory burst,14/28943,0.003863596,0.040401782,0.0138269,Camk1d,1,DOWNREGULATED,CD8_Exhausted_2,37
GO:1903961,positive regulation of anion transmembrane transport,14/28943,0.003863596,0.040401782,0.0138269,Abcb1b,1,DOWNREGULATED,CD8_Exhausted_2,37
GO:0035733,hepatic stellate cell activation,15/28943,0.004139067,0.040401782,0.0138269,Dgat1,1,DOWNREGULATED,CD8_Exhausted_2,37
GO:0055089,fatty acid homeostasis,15/28943,0.004139067,0.040401782,0.0138269,Dgat1,1,DOWNREGULATED,CD8_Exhausted_2,37
GO:1903998,regulation of eating behavior,15/28943,0.004139067,0.040401782,0.0138269,Dgat1,1,DOWNREGULATED,CD8_Exhausted_2,37
GO:0035627,ceramide transport,16/28943,0.004414471,0.040401782,0.0138269,Abcb1b,1,DOWNREGULATED,CD8_Exhausted_2,37
GO:0047484,regulation of response to osmotic stress,16/28943,0.004414471,0.040401782,0.0138269,Abcb1b,1,DOWNREGULATED,CD8_Exhausted_2,37
GO:0035337,fatty-acyl-CoA metabolic process,17/28943,0.004689808,0.040401782,0.0138269,Dgat1,1,DOWNREGULATED,CD8_Exhausted_2,37
GO:0030656,regulation of vitamin metabolic process,18/28943,0.004965079,0.040401782,0.0138269,Dgat1,1,DOWNREGULATED,CD8_Exhausted_2,37
GO:0032793,positive regulation of CREB transcription factor activity,18/28943,0.004965079,0.040401782,0.0138269,Camk1d,1,DOWNREGULATED,CD8_Exhausted_2,37
GO:0010867,positive regulation of triglyceride biosynthetic process,19/28943,0.005240283,0.040401782,0.0138269,Dgat1,1,DOWNREGULATED,CD8_Exhausted_2,37
GO:0072537,fibroblast activation,19/28943,0.005240283,0.040401782,0.0138269,Dgat1,1,DOWNREGULATED,CD8_Exhausted_2,37
GO:1904478,regulation of intestinal absorption,19/28943,0.005240283,0.040401782,0.0138269,Dgat1,1,DOWNREGULATED,CD8_Exhausted_2,37
GO:0046321,positive regulation of fatty acid oxidation,21/28943,0.005790492,0.040401782,0.0138269,Dgat1,1,DOWNREGULATED,CD8_Exhausted_2,37
GO:0034377,plasma lipoprotein particle assembly,22/28943,0.006065496,0.040401782,0.0138269,Dgat1,1,DOWNREGULATED,CD8_Exhausted_2,37
GO:0098856,intestinal lipid absorption,22/28943,0.006065496,0.040401782,0.0138269,Dgat1,1,DOWNREGULATED,CD8_Exhausted_2,37
GO:0150104,transport across blood-brain barrier,22/28943,0.006065496,0.040401782,0.0138269,Abcb1b,1,DOWNREGULATED,CD8_Exhausted_2,37
GO:0010232,vascular transport,23/28943,0.006340434,0.040401782,0.0138269,Abcb1b,1,DOWNREGULATED,CD8_Exhausted_2,37
GO:0010866,regulation of triglyceride biosynthetic process,25/28943,0.00689011,0.040401782,0.0138269,Dgat1,1,DOWNREGULATED,CD8_Exhausted_2,37
GO:0045730,respiratory burst,26/28943,0.007164848,0.040401782,0.0138269,Camk1d,1,DOWNREGULATED,CD8_Exhausted_2,37
GO:0065005,protein-lipid complex assembly,26/28943,0.007164848,0.040401782,0.0138269,Dgat1,1,DOWNREGULATED,CD8_Exhausted_2,37
GO:0090023,positive regulation of neutrophil chemotaxis,29/28943,0.007988664,0.043328024,0.014828362,Camk1d,1,DOWNREGULATED,CD8_Exhausted_2,37
GO:0046339,diacylglycerol metabolic process,30/28943,0.008263136,0.043328024,0.014828362,Dgat1,1,DOWNREGULATED,CD8_Exhausted_2,37
GO:0071624,positive regulation of granulocyte chemotaxis,31/28943,0.008537542,0.043328024,0.014828362,Camk1d,1,DOWNREGULATED,CD8_Exhausted_2,37
GO:0090208,positive regulation of triglyceride metabolic process,31/28943,0.008537542,0.043328024,0.014828362,Dgat1,1,DOWNREGULATED,CD8_Exhausted_2,37
GO:0070633,transepithelial transport,32/28943,0.008811881,0.043629558,0.014931557,Abcb1b,1,DOWNREGULATED,CD8_Exhausted_2,37
GO:1903959,regulation of anion transmembrane transport,34/28943,0.009360361,0.044655484,0.015282665,Abcb1b,1,DOWNREGULATED,CD8_Exhausted_2,37
GO:0042908,xenobiotic transport,35/28943,0.009634501,0.044655484,0.015282665,Abcb1b,1,DOWNREGULATED,CD8_Exhausted_2,37
GO:0090022,regulation of neutrophil chemotaxis,37/28943,0.010182582,0.044655484,0.015282665,Camk1d,1,DOWNREGULATED,CD8_Exhausted_2,37
GO:0006775,fat-soluble vitamin metabolic process,39/28943,0.010730398,0.044655484,0.015282665,Dgat1,1,DOWNREGULATED,CD8_Exhausted_2,37
GO:0006418,tRNA aminoacylation for protein translation,40/28943,0.011004206,0.044655484,0.015282665,Lars2,1,DOWNREGULATED,CD8_Exhausted_2,37
GO:0019432,triglyceride biosynthetic process,40/28943,0.011004206,0.044655484,0.015282665,Dgat1,1,DOWNREGULATED,CD8_Exhausted_2,37
GO:0060259,regulation of feeding behavior,41/28943,0.011277948,0.044655484,0.015282665,Dgat1,1,DOWNREGULATED,CD8_Exhausted_2,37
GO:0071827,plasma lipoprotein particle organization,41/28943,0.011277948,0.044655484,0.015282665,Dgat1,1,DOWNREGULATED,CD8_Exhausted_2,37
GO:0043039,tRNA aminoacylation,43/28943,0.011825233,0.044655484,0.015282665,Lars2,1,DOWNREGULATED,CD8_Exhausted_2,37
GO:1901568,fatty acid derivative metabolic process,43/28943,0.011825233,0.044655484,0.015282665,Dgat1,1,DOWNREGULATED,CD8_Exhausted_2,37
GO:1902624,positive regulation of neutrophil migration,43/28943,0.011825233,0.044655484,0.015282665,Camk1d,1,DOWNREGULATED,CD8_Exhausted_2,37
GO:0043038,amino acid activation,44/28943,0.012098776,0.044655484,0.015282665,Lars2,1,DOWNREGULATED,CD8_Exhausted_2,37
GO:0046320,regulation of fatty acid oxidation,44/28943,0.012098776,0.044655484,0.015282665,Dgat1,1,DOWNREGULATED,CD8_Exhausted_2,37
GO:0050892,intestinal absorption,44/28943,0.012098776,0.044655484,0.015282665,Dgat1,1,DOWNREGULATED,CD8_Exhausted_2,37
GO:0071825,protein-lipid complex subunit organization,45/28943,0.012372253,0.044849418,0.015349036,Dgat1,1,DOWNREGULATED,CD8_Exhausted_2,37
GO:0045923,positive regulation of fatty acid metabolic process,48/28943,0.013192287,0.0463011,0.015845852,Dgat1,1,DOWNREGULATED,CD8_Exhausted_2,37
GO:0045332,phospholipid translocation,52/28943,0.014284738,0.0463011,0.015845852,Abcb1b,1,DOWNREGULATED,CD8_Exhausted_2,37
GO:0061028,establishment of endothelial barrier,52/28943,0.014284738,0.0463011,0.015845852,Abcb1b,1,DOWNREGULATED,CD8_Exhausted_2,37
GO:0090207,regulation of triglyceride metabolic process,52/28943,0.014284738,0.0463011,0.015845852,Dgat1,1,DOWNREGULATED,CD8_Exhausted_2,37
GO:0042755,eating behavior,53/28943,0.014557685,0.0463011,0.015845852,Dgat1,1,DOWNREGULATED,CD8_Exhausted_2,37
GO:0046460,neutral lipid biosynthetic process,53/28943,0.014557685,0.0463011,0.015845852,Dgat1,1,DOWNREGULATED,CD8_Exhausted_2,37
GO:0046463,acylglycerol biosynthetic process,53/28943,0.014557685,0.0463011,0.015845852,Dgat1,1,DOWNREGULATED,CD8_Exhausted_2,37
GO:0034204,lipid translocation,54/28943,0.014830566,0.0463011,0.015845852,Abcb1b,1,DOWNREGULATED,CD8_Exhausted_2,37
GO:0044818,mitotic G2/M transition checkpoint,54/28943,0.014830566,0.0463011,0.015845852,Nabp1,1,DOWNREGULATED,CD8_Exhausted_2,37
GO:1902622,regulation of neutrophil migration,55/28943,0.015103381,0.0463011,0.015845852,Camk1d,1,DOWNREGULATED,CD8_Exhausted_2,37
GO:0044058,regulation of digestive system process,58/28943,0.01592143,0.0463011,0.015845852,Dgat1,1,DOWNREGULATED,CD8_Exhausted_2,37
GO:0098754,detoxification,58/28943,0.01592143,0.0463011,0.015845852,Abcb1b,1,DOWNREGULATED,CD8_Exhausted_2,37
GO:0071622,regulation of granulocyte chemotaxis,59/28943,0.016193981,0.0463011,0.015845852,Camk1d,1,DOWNREGULATED,CD8_Exhausted_2,37
GO:0097035,regulation of membrane lipid distribution,59/28943,0.016193981,0.0463011,0.015845852,Abcb1b,1,DOWNREGULATED,CD8_Exhausted_2,37
GO:1903793,positive regulation of anion transport,59/28943,0.016193981,0.0463011,0.015845852,Abcb1b,1,DOWNREGULATED,CD8_Exhausted_2,37
GO:0140115,export across plasma membrane,61/28943,0.016738884,0.047194354,0.016151555,Abcb1b,1,DOWNREGULATED,CD8_Exhausted_2,37
GO:0010972,negative regulation of G2/M transition of mitotic cell cycle,65/28943,0.017827899,0.049576212,0.01696671,Nabp1,1,DOWNREGULATED,CD8_Exhausted_2,37
GO:0035455,response to interferon-alpha,31/28943,0.001071071,0.008499464,NA,Ifitm1,1,UPREGULATED,CD8_Effector,37
GO:0046597,negative regulation of viral entry into host cell,31/28943,0.001071071,0.008499464,NA,Ifitm1,1,UPREGULATED,CD8_Effector,37
GO:1903901,negative regulation of viral life cycle,34/28943,0.001174723,0.008499464,NA,Ifitm1,1,UPREGULATED,CD8_Effector,37
GO:0046596,regulation of viral entry into host cell,52/28943,0.001796635,0.008499464,NA,Ifitm1,1,UPREGULATED,CD8_Effector,37
GO:0060337,type I interferon signaling pathway,56/28943,0.001934837,0.008499464,NA,Ifitm1,1,UPREGULATED,CD8_Effector,37
GO:0071357,cellular response to type I interferon,56/28943,0.001934837,0.008499464,NA,Ifitm1,1,UPREGULATED,CD8_Effector,37
GO:0052372,modulation by symbiont of entry into host,57/28943,0.001969388,0.008499464,NA,Ifitm1,1,UPREGULATED,CD8_Effector,37
GO:0045071,negative regulation of viral genome replication,58/28943,0.002003939,0.008499464,NA,Ifitm1,1,UPREGULATED,CD8_Effector,37
GO:0034340,response to type I interferon,62/28943,0.002142141,0.008499464,NA,Ifitm1,1,UPREGULATED,CD8_Effector,37
GO:0035456,response to interferon-beta,65/28943,0.002245793,0.008499464,NA,Ifitm1,1,UPREGULATED,CD8_Effector,37
GO:0043903,regulation of biological process involved in symbiotic interaction,67/28943,0.002314895,0.008499464,NA,Ifitm1,1,UPREGULATED,CD8_Effector,37
GO:0001756,somitogenesis,77/28943,0.002660401,0.008499464,NA,Ifitm1,1,UPREGULATED,CD8_Effector,37
GO:0045669,positive regulation of osteoblast differentiation,79/28943,0.002729503,0.008499464,NA,Ifitm1,1,UPREGULATED,CD8_Effector,37
GO:0045069,regulation of viral genome replication,95/28943,0.003282314,0.008499464,NA,Ifitm1,1,UPREGULATED,CD8_Effector,37
GO:0061053,somite development,96/28943,0.003316864,0.008499464,NA,Ifitm1,1,UPREGULATED,CD8_Effector,37
GO:0048525,negative regulation of viral process,101/28943,0.003489618,0.008499464,NA,Ifitm1,1,UPREGULATED,CD8_Effector,37
GO:0046718,viral entry into host cell,104/28943,0.00359327,0.008499464,NA,Ifitm1,1,UPREGULATED,CD8_Effector,37
GO:0044409,entry into host,108/28943,0.003731472,0.008499464,NA,Ifitm1,1,UPREGULATED,CD8_Effector,37
GO:0035282,segmentation,118/28943,0.004076979,0.008769289,NA,Ifitm1,1,UPREGULATED,CD8_Effector,37
GO:0044000,movement in host,127/28943,0.004387935,0.008769289,NA,Ifitm1,1,UPREGULATED,CD8_Effector,37
GO:0019079,viral genome replication,130/28943,0.004491587,0.008769289,NA,Ifitm1,1,UPREGULATED,CD8_Effector,37
GO:0034341,response to interferon-gamma,139/28943,0.004802543,0.008950194,NA,Ifitm1,1,UPREGULATED,CD8_Effector,37
GO:1903900,regulation of viral life cycle,151/28943,0.005217151,0.009236085,NA,Ifitm1,1,UPREGULATED,CD8_Effector,37
GO:0045667,regulation of osteoblast differentiation,161/28943,0.005562658,0.009236085,NA,Ifitm1,1,UPREGULATED,CD8_Effector,37
GO:0051701,biological process involved in interaction with host,163/28943,0.005631759,0.009236085,NA,Ifitm1,1,UPREGULATED,CD8_Effector,37
GO:0050792,regulation of viral process,175/28943,0.006046367,0.009534656,NA,Ifitm1,1,UPREGULATED,CD8_Effector,37
GO:0001649,osteoblast differentiation,225/28943,0.0077739,0.011804812,NA,Ifitm1,1,UPREGULATED,CD8_Effector,37
GO:0009952,anterior/posterior pattern specification,236/28943,0.008153958,0.011939724,NA,Ifitm1,1,UPREGULATED,CD8_Effector,37
GO:0019058,viral life cycle,261/28943,0.009017724,0.012749197,NA,Ifitm1,1,UPREGULATED,CD8_Effector,37
GO:0044403,biological process involved in symbiotic interaction,272/28943,0.009397782,0.012837733,NA,Ifitm1,1,UPREGULATED,CD8_Effector,37
GO:0051607,defense response to virus,289/28943,0.009985143,0.012837733,NA,Ifitm1,1,UPREGULATED,CD8_Effector,37
GO:0140546,defense response to symbiont,290/28943,0.010019694,0.012837733,NA,Ifitm1,1,UPREGULATED,CD8_Effector,37
GO:0030336,negative regulation of cell migration,312/28943,0.010779809,0.013393096,NA,Ifitm1,1,UPREGULATED,CD8_Effector,37
GO:2000146,negative regulation of cell motility,325/28943,0.011228967,0.013540813,NA,Ifitm1,1,UPREGULATED,CD8_Effector,37
GO:0009615,response to virus,347/28943,0.011989082,0.013782915,NA,Ifitm1,1,UPREGULATED,CD8_Effector,37
GO:0016032,viral process,355/28943,0.012265487,0.013782915,NA,Ifitm1,1,UPREGULATED,CD8_Effector,37
GO:0040013,negative regulation of locomotion,360/28943,0.012438241,0.013782915,NA,Ifitm1,1,UPREGULATED,CD8_Effector,37
GO:0003002,regionalization,389/28943,0.01344021,0.014501279,NA,Ifitm1,1,UPREGULATED,CD8_Effector,37
GO:0019221,cytokine-mediated signaling pathway,421/28943,0.014545831,0.015086549,NA,Ifitm1,1,UPREGULATED,CD8_Effector,37
GO:0001503,ossification,426/28943,0.014718585,0.015086549,NA,Ifitm1,1,UPREGULATED,CD8_Effector,37
GO:0007389,pattern specification process,493/28943,0.01703348,0.01703348,NA,Ifitm1,1,UPREGULATED,CD8_Effector,37
GO:0000028,ribosomal small subunit assembly,20/28943,0.000691013,0.009584355,NA,Rps14,1,UPREGULATED,CD8_CM1,37
GO:0000462,maturation of SSU-rRNA from tricistronic rRNA transcript (SSU-rRNA| 5.8S rRNA| LSU-rRNA),36/28943,0.001243824,0.009584355,NA,Rps14,1,UPREGULATED,CD8_CM1,37
GO:0030490,maturation of SSU-rRNA,50/28943,0.001727533,0.009584355,NA,Rps14,1,UPREGULATED,CD8_CM1,37
GO:0042255,ribosome assembly,62/28943,0.002142141,0.009584355,NA,Rps14,1,UPREGULATED,CD8_CM1,37
GO:0042274,ribosomal small subunit biogenesis,73/28943,0.002522199,0.009584355,NA,Rps14,1,UPREGULATED,CD8_CM1,37
GO:0002181,cytoplasmic translation,146/28943,0.005044398,0.011761623,NA,Rps14,1,UPREGULATED,CD8_CM1,37
GO:0030218,erythrocyte differentiation,150/28943,0.0051826,0.011761623,NA,Rps14,1,UPREGULATED,CD8_CM1,37
GO:0034101,erythrocyte homeostasis,162/28943,0.005597208,0.011761623,NA,Rps14,1,UPREGULATED,CD8_CM1,37
GO:0022618,ribonucleoprotein complex assembly,172/28943,0.005942715,0.011761623,NA,Rps14,1,UPREGULATED,CD8_CM1,37
GO:0071826,ribonucleoprotein complex subunit organization,180/28943,0.00621912,0.011761623,NA,Rps14,1,UPREGULATED,CD8_CM1,37
GO:0002262,myeloid cell homeostasis,206/28943,0.007117438,0.011761623,NA,Rps14,1,UPREGULATED,CD8_CM1,37
GO:0006364,rRNA processing,215/28943,0.007428394,0.011761623,NA,Rps14,1,UPREGULATED,CD8_CM1,37
GO:0016072,rRNA metabolic process,254/28943,0.00877587,0.012826271,NA,Rps14,1,UPREGULATED,CD8_CM1,37
GO:0042254,ribosome biogenesis,299/28943,0.01033065,0.014020168,NA,Rps14,1,UPREGULATED,CD8_CM1,37
GO:0048872,homeostasis of number of cells,375/28943,0.012956501,0.015244523,NA,Rps14,1,UPREGULATED,CD8_CM1,37
GO:0140694,non-membrane-bounded organelle assembly,379/28943,0.013094703,0.015244523,NA,Rps14,1,UPREGULATED,CD8_CM1,37
GO:0034470,ncRNA processing,398/28943,0.013751166,0.015244523,NA,Rps14,1,UPREGULATED,CD8_CM1,37
GO:0022613,ribonucleoprotein complex biogenesis,418/28943,0.014442179,0.015244523,NA,Rps14,1,UPREGULATED,CD8_CM1,37
GO:0030099,myeloid cell differentiation,445/28943,0.015375048,0.015375048,NA,Rps14,1,UPREGULATED,CD8_CM1,37
GO:1990778,protein localization to cell periphery,377/28943,0.003403122,0.046363956,0.014341575,Gphn/Epb41,2,DOWNREGULATED,CD8_CM1,37
GO:0098953,receptor diffusion trapping,10/28943,0.002416292,0.046363956,0.014341575,Gphn,1,DOWNREGULATED,CD8_CM1,37
GO:0098970,postsynaptic neurotransmitter receptor diffusion trapping,10/28943,0.002416292,0.046363956,0.014341575,Gphn,1,DOWNREGULATED,CD8_CM1,37
GO:0099628,neurotransmitter receptor diffusion trapping,10/28943,0.002416292,0.046363956,0.014341575,Gphn,1,DOWNREGULATED,CD8_CM1,37
GO:0046618,xenobiotic export,11/28943,0.002657645,0.046363956,0.014341575,Abcb1b,1,DOWNREGULATED,CD8_CM1,37
GO:0048563,post-embryonic animal organ morphogenesis,11/28943,0.002657645,0.046363956,0.014341575,Bcl2l11,1,DOWNREGULATED,CD8_CM1,37
GO:0051709,regulation of killing of cells of other organism,11/28943,0.002657645,0.046363956,0.014341575,Bcl2l11,1,DOWNREGULATED,CD8_CM1,37
GO:0060856,establishment of blood-brain barrier,12/28943,0.002898949,0.046363956,0.014341575,Abcb1b,1,DOWNREGULATED,CD8_CM1,37
GO:0072697,protein localization to cell cortex,12/28943,0.002898949,0.046363956,0.014341575,Epb41,1,DOWNREGULATED,CD8_CM1,37
GO:2001225,regulation of chloride transport,12/28943,0.002898949,0.046363956,0.014341575,Abcb1b,1,DOWNREGULATED,CD8_CM1,37
GO:0006983,ER overload response,13/28943,0.003140202,0.046363956,0.014341575,Bcl2l11,1,DOWNREGULATED,CD8_CM1,37
GO:0048070,regulation of developmental pigmentation,13/28943,0.003140202,0.046363956,0.014341575,Bcl2l11,1,DOWNREGULATED,CD8_CM1,37
GO:0120305,regulation of pigmentation,13/28943,0.003140202,0.046363956,0.014341575,Bcl2l11,1,DOWNREGULATED,CD8_CM1,37
GO:0010359,regulation of anion channel activity,14/28943,0.003381406,0.046363956,0.014341575,Abcb1b,1,DOWNREGULATED,CD8_CM1,37
GO:1903961,positive regulation of anion transmembrane transport,14/28943,0.003381406,0.046363956,0.014341575,Abcb1b,1,DOWNREGULATED,CD8_CM1,37
GO:2000271,positive regulation of fibroblast apoptotic process,15/28943,0.00362256,0.046363956,0.014341575,Bcl2l11,1,DOWNREGULATED,CD8_CM1,37
GO:0035627,ceramide transport,16/28943,0.003863663,0.046363956,0.014341575,Abcb1b,1,DOWNREGULATED,CD8_CM1,37
GO:0047484,regulation of response to osmotic stress,16/28943,0.003863663,0.046363956,0.014341575,Abcb1b,1,DOWNREGULATED,CD8_CM1,37
GO:0070234,positive regulation of T cell apoptotic process,16/28943,0.003863663,0.046363956,0.014341575,Bcl2l11,1,DOWNREGULATED,CD8_CM1,37
GO:0009886,post-embryonic animal morphogenesis,18/28943,0.00434572,0.048420215,0.014977629,Bcl2l11,1,DOWNREGULATED,CD8_CM1,37
GO:1904478,regulation of intestinal absorption,19/28943,0.004586674,0.048420215,0.014977629,Epb41,1,DOWNREGULATED,CD8_CM1,37
GO:0048569,post-embryonic animal organ development,21/28943,0.005068431,0.048420215,0.014977629,Bcl2l11,1,DOWNREGULATED,CD8_CM1,37
GO:0070230,positive regulation of lymphocyte apoptotic process,21/28943,0.005068431,0.048420215,0.014977629,Bcl2l11,1,DOWNREGULATED,CD8_CM1,37
GO:0072578,neurotransmitter-gated ion channel clustering,22/28943,0.005309234,0.048420215,0.014977629,Gphn,1,DOWNREGULATED,CD8_CM1,37
GO:0150104,transport across blood-brain barrier,22/28943,0.005309234,0.048420215,0.014977629,Abcb1b,1,DOWNREGULATED,CD8_CM1,37
GO:0010232,vascular transport,23/28943,0.005549988,0.048669123,0.015054623,Abcb1b,1,DOWNREGULATED,CD8_CM1,37
GO:0070242,thymocyte apoptotic process,25/28943,0.006031345,0.048998993,0.01515666,Bcl2l11,1,DOWNREGULATED,CD8_CM1,37
GO:2000269,regulation of fibroblast apoptotic process,27/28943,0.006512503,0.048998993,0.01515666,Bcl2l11,1,DOWNREGULATED,CD8_CM1,37
GO:0090200,positive regulation of release of cytochrome c from mitochondria,30/28943,0.007233865,0.048998993,0.01515666,Bcl2l11,1,DOWNREGULATED,CD8_CM1,37
GO:0060561,apoptotic process involved in morphogenesis,31/28943,0.007474219,0.048998993,0.01515666,Bcl2l11,1,DOWNREGULATED,CD8_CM1,37
GO:0099633,protein localization to postsynaptic specialization membrane,31/28943,0.007474219,0.048998993,0.01515666,Gphn,1,DOWNREGULATED,CD8_CM1,37
GO:0099645,neurotransmitter receptor localization to postsynaptic specialization membrane,31/28943,0.007474219,0.048998993,0.01515666,Gphn,1,DOWNREGULATED,CD8_CM1,37
GO:0070633,transepithelial transport,32/28943,0.007714524,0.048998993,0.01515666,Abcb1b,1,DOWNREGULATED,CD8_CM1,37
GO:0044346,fibroblast apoptotic process,33/28943,0.007954778,0.048998993,0.01515666,Bcl2l11,1,DOWNREGULATED,CD8_CM1,37
GO:1903959,regulation of anion transmembrane transport,34/28943,0.008194983,0.048998993,0.01515666,Abcb1b,1,DOWNREGULATED,CD8_CM1,37
GO:2000108,positive regulation of leukocyte apoptotic process,34/28943,0.008194983,0.048998993,0.01515666,Bcl2l11,1,DOWNREGULATED,CD8_CM1,37
GO:0042908,xenobiotic transport,35/28943,0.008435138,0.048998993,0.01515666,Abcb1b,1,DOWNREGULATED,CD8_CM1,37
GO:1902110,positive regulation of mitochondrial membrane permeability involved in apoptotic process,38/28943,0.009155303,0.048998993,0.01515666,Bcl2l11,1,DOWNREGULATED,CD8_CM1,37
GO:0030866,cortical actin cytoskeleton organization,39/28943,0.009395258,0.048998993,0.01515666,Epb41,1,DOWNREGULATED,CD8_CM1,37
GO:0006418,tRNA aminoacylation for protein translation,40/28943,0.009635164,0.048998993,0.01515666,Lars2,1,DOWNREGULATED,CD8_CM1,37
GO:1902686,mitochondrial outer membrane permeabilization involved in programmed cell death,40/28943,0.009635164,0.048998993,0.01515666,Bcl2l11,1,DOWNREGULATED,CD8_CM1,37
GO:0006984,ER-nucleus signaling pathway,43/28943,0.010354582,0.048998993,0.01515666,Bcl2l11,1,DOWNREGULATED,CD8_CM1,37
GO:0035794,positive regulation of mitochondrial membrane permeability,43/28943,0.010354582,0.048998993,0.01515666,Bcl2l11,1,DOWNREGULATED,CD8_CM1,37
GO:0043039,tRNA aminoacylation,43/28943,0.010354582,0.048998993,0.01515666,Lars2,1,DOWNREGULATED,CD8_CM1,37
GO:0001782,B cell homeostasis,44/28943,0.010594289,0.048998993,0.01515666,Bcl2l11,1,DOWNREGULATED,CD8_CM1,37
GO:0043038,amino acid activation,44/28943,0.010594289,0.048998993,0.01515666,Lars2,1,DOWNREGULATED,CD8_CM1,37
GO:0050892,intestinal absorption,44/28943,0.010594289,0.048998993,0.01515666,Epb41,1,DOWNREGULATED,CD8_CM1,37
GO:1902108,regulation of mitochondrial membrane permeability involved in apoptotic process,44/28943,0.010594289,0.048998993,0.01515666,Bcl2l11,1,DOWNREGULATED,CD8_CM1,37
GO:1902742,apoptotic process involved in development,45/28943,0.010833946,0.048998993,0.01515666,Bcl2l11,1,DOWNREGULATED,CD8_CM1,37
GO:0048536,spleen development,46/28943,0.011073553,0.048998993,0.01515666,Bcl2l11,1,DOWNREGULATED,CD8_CM1,37
GO:0001941,postsynaptic membrane organization,48/28943,0.011552617,0.048998993,0.01515666,Gphn,1,DOWNREGULATED,CD8_CM1,37
GO:0070232,regulation of T cell apoptotic process,49/28943,0.011792075,0.048998993,0.01515666,Bcl2l11,1,DOWNREGULATED,CD8_CM1,37
GO:0043029,T cell homeostasis,51/28943,0.012270841,0.048998993,0.01515666,Bcl2l11,1,DOWNREGULATED,CD8_CM1,37
GO:0045332,phospholipid translocation,52/28943,0.01251015,0.048998993,0.01515666,Abcb1b,1,DOWNREGULATED,CD8_CM1,37
GO:0061028,establishment of endothelial barrier,52/28943,0.01251015,0.048998993,0.01515666,Abcb1b,1,DOWNREGULATED,CD8_CM1,37
GO:0090199,regulation of release of cytochrome c from mitochondria,53/28943,0.012749409,0.048998993,0.01515666,Bcl2l11,1,DOWNREGULATED,CD8_CM1,37
GO:0034204,lipid translocation,54/28943,0.012988618,0.048998993,0.01515666,Abcb1b,1,DOWNREGULATED,CD8_CM1,37
GO:0048066,developmental pigmentation,54/28943,0.012988618,0.048998993,0.01515666,Bcl2l11,1,DOWNREGULATED,CD8_CM1,37
GO:1903539,protein localization to postsynaptic membrane,56/28943,0.013466887,0.048998993,0.01515666,Gphn,1,DOWNREGULATED,CD8_CM1,37
GO:0048538,thymus development,57/28943,0.013705948,0.048998993,0.01515666,Bcl2l11,1,DOWNREGULATED,CD8_CM1,37
GO:0062237,protein localization to postsynapse,57/28943,0.013705948,0.048998993,0.01515666,Gphn,1,DOWNREGULATED,CD8_CM1,37
GO:0044058,regulation of digestive system process,58/28943,0.013944958,0.048998993,0.01515666,Epb41,1,DOWNREGULATED,CD8_CM1,37
GO:0098754,detoxification,58/28943,0.013944958,0.048998993,0.01515666,Abcb1b,1,DOWNREGULATED,CD8_CM1,37
GO:0007528,neuromuscular junction development,59/28943,0.014183919,0.048998993,0.01515666,Gphn,1,DOWNREGULATED,CD8_CM1,37
GO:0097035,regulation of membrane lipid distribution,59/28943,0.014183919,0.048998993,0.01515666,Abcb1b,1,DOWNREGULATED,CD8_CM1,37
GO:1903793,positive regulation of anion transport,59/28943,0.014183919,0.048998993,0.01515666,Abcb1b,1,DOWNREGULATED,CD8_CM1,37
GO:0046902,regulation of mitochondrial membrane permeability,60/28943,0.01442283,0.049080676,0.015181927,Bcl2l11,1,DOWNREGULATED,CD8_CM1,37
GO:0140115,export across plasma membrane,61/28943,0.014661692,0.049159791,0.015206399,Abcb1b,1,DOWNREGULATED,CD8_CM1,37
GO:0035791,platelet-derived growth factor receptor-beta signaling pathway,14/28943,0.001933534,0.032424262,0.002767362,Hip1,1,UPREGULATED,CD4_TH1_Helper,37
GO:0046855,inositol phosphate dephosphorylation,17/28943,0.002347498,0.032424262,0.002767362,Inpp4b,1,UPREGULATED,CD4_TH1_Helper,37
GO:0048268,clathrin coat assembly,17/28943,0.002347498,0.032424262,0.002767362,Hip1,1,UPREGULATED,CD4_TH1_Helper,37
GO:0046838,phosphorylated carbohydrate dephosphorylation,19/28943,0.002623402,0.032424262,0.002767362,Inpp4b,1,UPREGULATED,CD4_TH1_Helper,37
GO:0071545,inositol phosphate catabolic process,19/28943,0.002623402,0.032424262,0.002767362,Inpp4b,1,UPREGULATED,CD4_TH1_Helper,37
GO:0046174,polyol catabolic process,23/28943,0.003175039,0.032424262,0.002767362,Inpp4b,1,UPREGULATED,CD4_TH1_Helper,37
GO:0010640,regulation of platelet-derived growth factor receptor signaling pathway,25/28943,0.003450771,0.032424262,0.002767362,Hip1,1,UPREGULATED,CD4_TH1_Helper,37
GO:0046856,phosphatidylinositol dephosphorylation,30/28943,0.004139853,0.032424262,0.002767362,Inpp4b,1,UPREGULATED,CD4_TH1_Helper,37
GO:0035455,response to interferon-alpha,31/28943,0.004277626,0.032424262,0.002767362,Ifitm2,1,UPREGULATED,CD4_TH1_Helper,37
GO:0046597,negative regulation of viral entry into host cell,31/28943,0.004277626,0.032424262,0.002767362,Ifitm2,1,UPREGULATED,CD4_TH1_Helper,37
GO:0045742,positive regulation of epidermal growth factor receptor signaling pathway,32/28943,0.004415385,0.032424262,0.002767362,Hip1,1,UPREGULATED,CD4_TH1_Helper,37
GO:1901186,positive regulation of ERBB signaling pathway,34/28943,0.00469086,0.032424262,0.002767362,Hip1,1,UPREGULATED,CD4_TH1_Helper,37
GO:1903901,negative regulation of viral life cycle,34/28943,0.00469086,0.032424262,0.002767362,Ifitm2,1,UPREGULATED,CD4_TH1_Helper,37
GO:0045671,negative regulation of osteoclast differentiation,37/28943,0.005103966,0.032424262,0.002767362,Inpp4b,1,UPREGULATED,CD4_TH1_Helper,37
GO:0046839,phospholipid dephosphorylation,44/28943,0.006067379,0.032424262,0.002767362,Inpp4b,1,UPREGULATED,CD4_TH1_Helper,37
GO:0072583,clathrin-dependent endocytosis,45/28943,0.006204952,0.032424262,0.002767362,Hip1,1,UPREGULATED,CD4_TH1_Helper,37
GO:0046164,alcohol catabolic process,47/28943,0.006480056,0.032424262,0.002767362,Inpp4b,1,UPREGULATED,CD4_TH1_Helper,37
GO:0046596,regulation of viral entry into host cell,52/28943,0.007167565,0.032424262,0.002767362,Ifitm2,1,UPREGULATED,CD4_TH1_Helper,37
GO:0060337,type I interferon signaling pathway,56/28943,0.007717316,0.032424262,0.002767362,Ifitm2,1,UPREGULATED,CD4_TH1_Helper,37
GO:0071357,cellular response to type I interferon,56/28943,0.007717316,0.032424262,0.002767362,Ifitm2,1,UPREGULATED,CD4_TH1_Helper,37
GO:0002762,negative regulation of myeloid leukocyte differentiation,57/28943,0.007854718,0.032424262,0.002767362,Inpp4b,1,UPREGULATED,CD4_TH1_Helper,37
GO:0035458,cellular response to interferon-beta,57/28943,0.007854718,0.032424262,0.002767362,Ifitm2,1,UPREGULATED,CD4_TH1_Helper,37
GO:0043647,inositol phosphate metabolic process,57/28943,0.007854718,0.032424262,0.002767362,Inpp4b,1,UPREGULATED,CD4_TH1_Helper,37
GO:0052372,modulation by symbiont of entry into host,57/28943,0.007854718,0.032424262,0.002767362,Ifitm2,1,UPREGULATED,CD4_TH1_Helper,37
GO:0045071,negative regulation of viral genome replication,58/28943,0.007992106,0.032424262,0.002767362,Ifitm2,1,UPREGULATED,CD4_TH1_Helper,37
GO:0034340,response to type I interferon,62/28943,0.008541514,0.032424262,0.002767362,Ifitm2,1,UPREGULATED,CD4_TH1_Helper,37
GO:0048260,positive regulation of receptor-mediated endocytosis,62/28943,0.008541514,0.032424262,0.002767362,Hip1,1,UPREGULATED,CD4_TH1_Helper,37
GO:0046850,regulation of bone remodeling,63/28943,0.00867883,0.032424262,0.002767362,Inpp4b,1,UPREGULATED,CD4_TH1_Helper,37
GO:0035456,response to interferon-beta,65/28943,0.00895342,0.032424262,0.002767362,Ifitm2,1,UPREGULATED,CD4_TH1_Helper,37
GO:0043903,regulation of biological process involved in symbiotic interaction,67/28943,0.009227953,0.032424262,0.002767362,Ifitm2,1,UPREGULATED,CD4_TH1_Helper,37
GO:0048008,platelet-derived growth factor receptor signaling pathway,67/28943,0.009227953,0.032424262,0.002767362,Hip1,1,UPREGULATED,CD4_TH1_Helper,37
GO:1901616,organic hydroxy compound catabolic process,68/28943,0.009365198,0.032424262,0.002767362,Inpp4b,1,UPREGULATED,CD4_TH1_Helper,37
GO:0042058,regulation of epidermal growth factor receptor signaling pathway,70/28943,0.009639645,0.032424262,0.002767362,Hip1,1,UPREGULATED,CD4_TH1_Helper,37
GO:1901184,regulation of ERBB signaling pathway,75/28943,0.010325514,0.033709767,0.002877078,Hip1,1,UPREGULATED,CD4_TH1_Helper,37
GO:0006919,activation of cysteine-type endopeptidase activity involved in apoptotic process,78/28943,0.010736864,0.034051199,0.002906219,Hip1,1,UPREGULATED,CD4_TH1_Helper,37
GO:0034103,regulation of tissue remodeling,85/28943,0.011696183,0.035088549,0.002994755,Inpp4b,1,UPREGULATED,CD4_TH1_Helper,37
GO:0045670,regulation of osteoclast differentiation,85/28943,0.011696183,0.035088549,0.002994755,Inpp4b,1,UPREGULATED,CD4_TH1_Helper,37
GO:0045638,negative regulation of myeloid cell differentiation,92/28943,0.012654804,0.035914972,0.003065289,Inpp4b,1,UPREGULATED,CD4_TH1_Helper,37
GO:0045069,regulation of viral genome replication,95/28943,0.013065428,0.035914972,0.003065289,Ifitm2,1,UPREGULATED,CD4_TH1_Helper,37
GO:0048525,negative regulation of viral process,101/28943,0.013886291,0.035914972,0.003065289,Ifitm2,1,UPREGULATED,CD4_TH1_Helper,37
GO:0007173,epidermal growth factor receptor signaling pathway,104/28943,0.014296531,0.035914972,0.003065289,Hip1,1,UPREGULATED,CD4_TH1_Helper,37
GO:0046718,viral entry into host cell,104/28943,0.014296531,0.035914972,0.003065289,Ifitm2,1,UPREGULATED,CD4_TH1_Helper,37
GO:0046849,bone remodeling,105/28943,0.014433249,0.035914972,0.003065289,Inpp4b,1,UPREGULATED,CD4_TH1_Helper,37
GO:0044409,entry into host,108/28943,0.014843318,0.035914972,0.003065289,Ifitm2,1,UPREGULATED,CD4_TH1_Helper,37
GO:1902106,negative regulation of leukocyte differentiation,113/28943,0.015526482,0.035914972,0.003065289,Inpp4b,1,UPREGULATED,CD4_TH1_Helper,37
GO:0038127,ERBB signaling pathway,117/28943,0.016072757,0.035914972,0.003065289,Hip1,1,UPREGULATED,CD4_TH1_Helper,37
GO:1903707,negative regulation of hemopoiesis,117/28943,0.016072757,0.035914972,0.003065289,Inpp4b,1,UPREGULATED,CD4_TH1_Helper,37
GO:0019751,polyol metabolic process,118/28943,0.016209291,0.035914972,0.003065289,Inpp4b,1,UPREGULATED,CD4_TH1_Helper,37
GO:0030316,osteoclast differentiation,123/28943,0.016891744,0.035914972,0.003065289,Inpp4b,1,UPREGULATED,CD4_TH1_Helper,37
GO:0048259,regulation of receptor-mediated endocytosis,125/28943,0.017164626,0.035914972,0.003065289,Hip1,1,UPREGULATED,CD4_TH1_Helper,37
GO:0043280,positive regulation of cysteine-type endopeptidase activity involved in apoptotic process,127/28943,0.017437451,0.035914972,0.003065289,Hip1,1,UPREGULATED,CD4_TH1_Helper,37
GO:0044000,movement in host,127/28943,0.017437451,0.035914972,0.003065289,Ifitm2,1,UPREGULATED,CD4_TH1_Helper,37
GO:0045807,positive regulation of endocytosis,127/28943,0.017437451,0.035914972,0.003065289,Hip1,1,UPREGULATED,CD4_TH1_Helper,37
GO:0043123,positive regulation of I-kappaB kinase/NF-kappaB signaling,128/28943,0.017573842,0.035914972,0.003065289,S100a4,1,UPREGULATED,CD4_TH1_Helper,37
GO:0019079,viral genome replication,130/28943,0.017846582,0.035914972,0.003065289,Ifitm2,1,UPREGULATED,CD4_TH1_Helper,37
GO:0046822,regulation of nucleocytoplasmic transport,132/28943,0.018119265,0.035914972,0.003065289,Inpp4b,1,UPREGULATED,CD4_TH1_Helper,37
GO:0034341,response to interferon-gamma,139/28943,0.019073209,0.037142565,0.003170062,Ifitm2,1,UPREGULATED,CD4_TH1_Helper,37
GO:0002761,regulation of myeloid leukocyte differentiation,143/28943,0.019618008,0.037544808,0.003204393,Inpp4b,1,UPREGULATED,CD4_TH1_Helper,37
GO:0046488,phosphatidylinositol metabolic process,147/28943,0.020162579,0.037679812,0.003215916,Inpp4b,1,UPREGULATED,CD4_TH1_Helper,37
GO:2001056,positive regulation of cysteine-type endopeptidase activity,149/28943,0.02043478,0.037679812,0.003215916,Hip1,1,UPREGULATED,CD4_TH1_Helper,37
GO:1903900,regulation of viral life cycle,151/28943,0.020706924,0.037679812,0.003215916,Ifitm2,1,UPREGULATED,CD4_TH1_Helper,37
GO:0046434,organophosphate catabolic process,154/28943,0.021115034,0.037802721,0.003226406,Inpp4b,1,UPREGULATED,CD4_TH1_Helper,37
GO:0051701,biological process involved in interaction with host,163/28943,0.022338597,0.039358481,0.003359188,Ifitm2,1,UPREGULATED,CD4_TH1_Helper,37
GO:0010950,positive regulation of endopeptidase activity,170/28943,0.023289464,0.040310206,0.003440416,Hip1,1,UPREGULATED,CD4_TH1_Helper,37
GO:0050792,regulation of viral process,175/28943,0.02396823,0.040310206,0.003440416,Ifitm2,1,UPREGULATED,CD4_TH1_Helper,37
GO:0051896,regulation of protein kinase B signaling,175/28943,0.02396823,0.040310206,0.003440416,Inpp4b,1,UPREGULATED,CD4_TH1_Helper,37
GO:0010952,positive regulation of peptidase activity,180/28943,0.024646643,0.040832498,0.003484993,Hip1,1,UPREGULATED,CD4_TH1_Helper,37
GO:0043122,regulation of I-kappaB kinase/NF-kappaB signaling,191/28943,0.026137905,0.042483817,0.00362593,S100a4,1,UPREGULATED,CD4_TH1_Helper,37
GO:0050821,protein stabilization,193/28943,0.02640886,0.042483817,0.00362593,Hip1,1,UPREGULATED,CD4_TH1_Helper,37
GO:0048771,tissue remodeling,203/28943,0.027762785,0.044023845,0.003757369,Inpp4b,1,UPREGULATED,CD4_TH1_Helper,37
GO:0043491,protein kinase B signaling,207/28943,0.02830396,0.044249853,0.003776659,Inpp4b,1,UPREGULATED,CD4_TH1_Helper,37
GO:0043281,regulation of cysteine-type endopeptidase activity involved in apoptotic process,211/28943,0.028844909,0.044469234,0.003795383,Hip1,1,UPREGULATED,CD4_TH1_Helper,37
GO:0030258,lipid modification,221/28943,0.030196292,0.04591491,0.003918769,Inpp4b,1,UPREGULATED,CD4_TH1_Helper,37
GO:0045637,regulation of myeloid cell differentiation,226/28943,0.030871455,0.046307182,0.003952249,Inpp4b,1,UPREGULATED,CD4_TH1_Helper,37
GO:0007249,I-kappaB kinase/NF-kappaB signaling,230/28943,0.031411331,0.04648877,0.003967747,S100a4,1,UPREGULATED,CD4_TH1_Helper,37
GO:0030100,regulation of endocytosis,236/28943,0.032220723,0.047059213,0.004016434,Hip1,1,UPREGULATED,CD4_TH1_Helper,37
GO:2000116,regulation of cysteine-type endopeptidase activity,243/28943,0.033164371,0.047770673,0.004077156,Hip1,1,UPREGULATED,CD4_TH1_Helper,37
GO:0002573,myeloid leukocyte differentiation,246/28943,0.033568581,0.047770673,0.004077156,Inpp4b,1,UPREGULATED,CD4_TH1_Helper,37